BufId,NewOffset
3,0
7,128
4,0
8,128
15,0
19,128
16,0
20,128
27,0
31,128
28,0
32,128
39,0
43,128
40,0
44,128
51,0
55,128
52,0
56,128
1,0
2,128
5,256
6,384
9,512
10,640
13,768
14,896
17,1024
18,1152
21,1280
22,1408
25,1536
26,1664
29,1792
30,1920
33,2048
34,2176
37,2304
38,2432
41,2560
42,2688
45,2816
46,2944
49,3072
50,3200
53,3328
54,3456
57,3584
58,3712
61,3840
62,3968
63,0
67,128
64,0
68,128
73,0
76,128
74,0
77,128
82,0
85,128
83,0
86,128
91,0
94,128
92,0
95,128
100,0
103,128
101,0
104,128
109,0
112,128
110,0
113,128
119,0
122,128
120,0
123,128
128,0
131,128
129,0
132,128
137,0
140,128
138,0
141,128
146,0
149,128
147,0
150,128
155,0
158,128
156,0
159,128
69,0
72,128
75,256
78,384
81,512
84,640
87,768
90,896
93,1024
96,1152
99,1280
102,1408
105,1536
108,1664
111,1792
115,1920
118,2048
121,2176
124,2304
127,2432
130,2560
133,2688
136,2816
139,2944
142,3072
145,3200
148,3328
151,3456
154,3584
157,3712
160,3840
164,3968
165,0
168,128
166,0
169,128
174,0
177,128
175,0
178,128
183,0
186,128
184,0
187,128
192,0
195,128
193,0
196,128
201,0
204,128
202,0
205,128
210,0
214,128
211,0
215,128
220,0
223,128
221,0
224,128
229,0
232,128
230,0
233,128
238,0
241,128
239,0
242,128
247,0
250,128
248,0
251,128
256,0
259,128
257,0
260,128
170,0
173,128
176,256
179,384
182,512
185,640
188,768
191,896
194,1024
197,1152
200,1280
203,1408
206,1536
209,1664
213,1792
216,1920
219,2048
222,2176
225,2304
228,2432
231,2560
234,2688
237,2816
240,2944
243,3072
246,3200
249,3328
252,3456
255,3584
258,3712
262,3840
265,3968
266,0
269,128
267,0
270,128
275,0
278,128
276,0
279,128
284,0
287,128
285,0
288,128
293,0
296,128
294,0
297,128
302,0
305,128
303,0
306,128
312,0
315,128
313,0
316,128
321,0
324,128
322,0
325,128
330,0
333,128
331,0
334,128
339,0
342,128
340,0
343,128
348,0
351,128
349,0
352,128
357,0
361,128
358,0
362,128
271,0
274,128
277,256
280,384
283,512
286,640
289,768
292,896
295,1024
298,1152
301,1280
304,1408
307,1536
311,1664
314,1792
317,1920
320,2048
323,2176
326,2304
329,2432
332,2560
335,2688
338,2816
341,2944
344,3072
347,3200
350,3328
353,3456
356,3584
360,3712
363,3840
366,3968
367,0
370,128
368,0
371,128
376,0
379,128
377,0
380,128
385,0
388,128
386,0
389,128
394,0
397,128
395,0
398,128
403,0
406,128
404,0
407,128
413,0
416,128
414,0
417,128
422,0
425,128
423,0
426,128
431,0
434,128
432,0
435,128
440,0
443,128
441,0
444,128
449,0
452,128
450,0
453,128
459,0
462,128
460,0
463,128
372,0
375,128
378,256
381,384
384,512
387,640
390,768
393,896
396,1024
399,1152
402,1280
405,1408
409,1536
412,1664
415,1792
418,1920
421,2048
424,2176
427,2304
430,2432
433,2560
436,2688
439,2816
442,2944
445,3072
448,3200
451,3328
454,3456
458,3584
461,3712
464,3840
467,3968
468,0
471,128
469,0
472,128
477,0
480,128
478,0
481,128
486,0
489,128
487,0
490,128
495,0
498,128
496,0
499,128
504,0
508,128
505,0
509,128
514,0
517,128
515,0
518,128
523,0
526,128
524,0
527,128
532,0
535,128
533,0
536,128
541,0
544,128
542,0
545,128
550,0
553,128
551,0
554,128
560,0
563,128
561,0
564,128
473,0
476,128
479,256
482,384
485,512
488,640
491,768
494,896
497,1024
500,1152
503,1280
507,1408
510,1536
513,1664
516,1792
519,1920
522,2048
525,2176
528,2304
531,2432
534,2560
537,2688
540,2816
543,2944
546,3072
549,3200
552,3328
556,3456
559,3584
562,3712
565,3840
568,3968
569,0
572,128
570,0
573,128
578,0
581,128
579,0
582,128
587,0
590,128
588,0
591,128
596,0
599,128
597,0
600,128
606,0
609,128
607,0
610,128
615,0
618,128
616,0
619,128
624,0
627,128
625,0
628,128
633,0
636,128
634,0
637,128
642,0
645,128
643,0
646,128
651,0
655,128
652,0
656,128
661,0
664,128
662,0
665,128
574,0
577,128
580,256
583,384
586,512
589,640
592,768
595,896
598,1024
601,1152
605,1280
608,1408
611,1536
614,1664
617,1792
620,1920
623,2048
626,2176
629,2304
632,2432
635,2560
638,2688
641,2816
644,2944
647,3072
650,3200
654,3328
657,3456
660,3584
663,3712
666,3840
669,3968
670,0
673,128
671,0
674,128
679,0
682,128
680,0
683,128
688,0
691,128
689,0
692,128
697,0
700,128
698,0
701,128
707,0
710,128
708,0
711,128
716,0
719,128
717,0
720,128
725,0
728,128
726,0
729,128
734,0
737,128
735,0
738,128
743,0
746,128
744,0
747,128
753,0
756,128
754,0
757,128
762,0
765,128
763,0
766,128
675,0
678,128
681,256
684,384
687,512
690,640
693,768
696,896
699,1024
703,1152
706,1280
709,1408
712,1536
715,1664
718,1792
721,1920
724,2048
727,2176
730,2304
733,2432
736,2560
739,2688
742,2816
745,2944
748,3072
752,3200
755,3328
758,3456
761,3584
764,3712
767,3840
770,3968
771,0
774,128
772,0
775,128
780,0
783,128
781,0
784,128
789,0
792,128
790,0
793,128
798,0
802,128
799,0
803,128
808,0
811,128
809,0
812,128
817,0
820,128
818,0
821,128
826,0
829,128
827,0
830,128
835,0
838,128
836,0
839,128
844,0
847,128
845,0
848,128
852,0
854,128
853,0
855,128
858,0
860,128
859,0
861,128
864,0
866,128
865,0
867,128
870,0
872,128
871,0
873,128
876,0
878,128
877,0
879,128
883,0
885,128
884,0
886,128
889,0
891,128
890,0
892,128
895,0
897,128
896,0
898,128
901,0
903,128
902,0
904,128
907,0
909,128
908,0
910,128
913,0
916,128
914,0
917,128
920,0
922,128
921,0
923,128
926,0
928,128
927,0
929,128
932,0
934,128
933,0
935,128
938,0
940,128
939,0
941,128
944,0
946,128
945,0
947,128
951,0
953,128
952,0
954,128
957,0
959,128
958,0
960,128
963,0
965,128
964,0
966,128
969,0
971,128
970,0
972,128
975,0
977,128
976,0
978,128
982,0
984,128
983,0
985,128
988,0
990,128
989,0
991,128
994,0
996,128
995,0
997,128
1000,0
1002,128
1001,0
1003,128
1006,0
1008,128
1007,0
1009,128
1012,0
1015,128
1013,0
1016,128
1019,0
1021,128
1020,0
1022,128
1025,0
1027,128
1026,0
1028,128
1031,0
1033,128
1032,0
1034,128
1037,0
1039,128
1038,0
1040,128
1043,0
1045,128
1044,0
1046,128
1050,0
1052,128
1051,0
1053,128
1056,0
1058,128
1057,0
1059,128
1062,0
1064,128
1063,0
1065,128
1068,0
1070,128
1069,0
1071,128
1074,0
1076,128
1075,0
1077,128
1081,0
1083,128
1082,0
1084,128
1087,0
1089,128
1088,0
1090,128
1093,0
1095,128
1094,0
1096,128
1099,0
1101,128
1100,0
1102,128
1105,0
1107,128
1106,0
1108,128
1111,0
1114,128
1112,0
1115,128
1118,0
1120,128
1119,0
1121,128
1124,0
1126,128
1125,0
1127,128
1130,0
1132,128
1131,0
1133,128
1136,0
1138,128
1137,0
1139,128
1142,0
1144,128
1143,0
1145,128
1149,0
1151,128
1150,0
1152,128
1155,0
1157,128
1156,0
1158,128
1161,0
1163,128
1162,0
1164,128
1167,0
1169,128
1168,0
1170,128
1173,0
1175,128
1174,0
1176,128
1180,0
1182,128
1181,0
1183,128
1186,0
1188,128
1187,0
1189,128
1192,0
1194,128
1193,0
1195,128
1198,0
1200,128
1199,0
1201,128
1204,0
1206,128
1205,0
1207,128
1210,0
1213,128
1211,0
1214,128
1217,0
1219,128
1218,0
1220,128
1223,0
1225,128
1224,0
1226,128
1229,0
1231,128
1230,0
1232,128
1235,0
1237,128
1236,0
1238,128
1241,0
1243,128
1242,0
1244,128
1248,0
1250,128
1249,0
1251,128
1254,0
1256,128
1255,0
1257,128
1260,0
1262,128
1261,0
1263,128
1266,0
1268,128
1267,0
1269,128
1272,0
1274,128
1273,0
1275,128
1279,0
1281,128
1280,0
1282,128
1285,0
1287,128
1286,0
1288,128
1291,0
1293,128
1292,0
1294,128
1297,0
1299,128
1298,0
1300,128
1303,0
1305,128
1304,0
1306,128
1309,0
1312,128
1310,0
1313,128
1316,0
1318,128
1317,0
1319,128
1322,0
1324,128
1323,0
1325,128
1328,0
1330,128
1329,0
1331,128
1334,0
1336,128
1335,0
1337,128
1340,0
1342,128
1341,0
1343,128
1349,0
1352,128
1350,0
1353,128
1358,0
1361,128
1359,0
1362,128
1367,0
1370,128
1368,0
1371,128
1376,0
1379,128
1377,0
1380,128
1385,0
1388,128
1386,0
1389,128
1394,0
1396,128
1395,0
1397,128
1400,0
1402,128
1401,0
1403,128
1406,0
1408,128
1407,0
1409,128
1412,0
1414,128
1413,0
1415,128
1418,0
1420,128
1419,0
1421,128
1424,0
1427,128
1425,0
1428,128
1431,0
1433,128
1432,0
1434,128
1437,0
1439,128
1438,0
1440,128
1443,0
1445,128
1444,0
1446,128
1449,0
1451,128
1450,0
1452,128
1455,0
1457,128
1456,0
1458,128
1462,0
1464,128
1463,0
1465,128
1468,0
1470,128
1469,0
1471,128
1474,0
1476,128
1475,0
1477,128
1480,0
1482,128
1481,0
1483,128
1486,0
1488,128
1487,0
1489,128
1493,0
1495,128
1494,0
1496,128
1499,0
1501,128
1500,0
1502,128
1505,0
1507,128
1506,0
1508,128
1511,0
1513,128
1512,0
1514,128
1517,0
1519,128
1518,0
1520,128
1523,0
1526,128
1524,0
1527,128
1530,0
1532,128
1531,0
1533,128
1536,0
1538,128
1537,0
1539,128
1542,0
1544,128
1543,0
1545,128
1548,0
1550,128
1549,0
1551,128
1554,0
1556,128
1555,0
1557,128
1561,0
1563,128
1562,0
1564,128
1567,0
1569,128
1568,0
1570,128
1573,0
1575,128
1574,0
1576,128
1579,0
1581,128
1580,0
1582,128
1585,0
1587,128
1586,0
1588,128
1592,0
1594,128
1593,0
1595,128
1598,0
1600,128
1599,0
1601,128
1604,0
1606,128
1605,0
1607,128
1610,0
1612,128
1611,0
1613,128
1616,0
1618,128
1617,0
1619,128
1622,0
1625,128
1623,0
1626,128
1629,0
1631,128
1630,0
1632,128
1635,0
1637,128
1636,0
1638,128
1641,0
1643,128
1642,0
1644,128
1647,0
1649,128
1648,0
1650,128
1653,0
1655,128
1654,0
1656,128
1660,0
1662,128
1661,0
1663,128
1666,0
1668,128
1667,0
1669,128
1672,0
1674,128
1673,0
1675,128
1678,0
1680,128
1679,0
1681,128
1684,0
1686,128
1685,0
1687,128
1691,0
1693,128
1692,0
1694,128
1697,0
1699,128
1698,0
1700,128
1703,0
1705,128
1704,0
1706,128
1709,0
1711,128
1710,0
1712,128
1715,0
1717,128
1716,0
1718,128
1721,0
1724,128
1722,0
1725,128
1728,0
1730,128
1729,0
1731,128
1734,0
1736,128
1735,0
1737,128
1740,0
1742,128
1741,0
1743,128
1746,0
1748,128
1747,0
1749,128
1752,0
1754,128
1753,0
1755,128
1759,0
1761,128
1760,0
1762,128
1765,0
1767,128
1766,0
1768,128
1771,0
1773,128
1772,0
1774,128
1777,0
1779,128
1778,0
1780,128
1783,0
1785,128
1784,0
1786,128
1790,0
1792,128
1791,0
1793,128
1796,0
1798,128
1797,0
1799,128
1802,0
1804,128
1803,0
1805,128
1808,0
1810,128
1809,0
1811,128
1814,0
1816,128
1815,0
1817,128
1820,0
1823,128
1821,0
1824,128
1827,0
1829,128
1828,0
1830,128
1833,0
1835,128
1834,0
1836,128
1839,0
1841,128
1840,0
1842,128
1845,0
1847,128
1846,0
1848,128
1851,0
1853,128
1852,0
1854,128
1858,0
1860,128
1859,0
1861,128
1864,0
1866,128
1865,0
1867,128
1870,0
1872,128
1871,0
1873,128
1876,0
1878,128
1877,0
1879,128
1882,0
1884,128
1883,0
1885,128
1890,0
1893,128
1891,0
1894,128
1899,0
1902,128
1900,0
1903,128
1908,0
1911,128
1909,0
1912,128
1917,0
1920,128
1918,0
1921,128
1926,0
1929,128
1927,0
1930,128
1935,0
1938,128
1936,0
1939,128
1942,0
1944,128
1943,0
1945,128
1948,0
1950,128
1949,0
1951,128
1954,0
1956,128
1955,0
1957,128
1960,0
1962,128
1961,0
1963,128
1966,0
1968,128
1967,0
1969,128
1973,0
1975,128
1974,0
1976,128
1979,0
1981,128
1980,0
1982,128
1985,0
1987,128
1986,0
1988,128
1991,0
1993,128
1992,0
1994,128
1997,0
1999,128
1998,0
2000,128
2004,0
2006,128
2005,0
2007,128
2010,0
2012,128
2011,0
2013,128
2016,0
2018,128
2017,0
2019,128
2022,0
2024,128
2023,0
2025,128
2028,0
2030,128
2029,0
2031,128
2034,0
2037,128
2035,0
2038,128
2041,0
2043,128
2042,0
2044,128
2047,0
2049,128
2048,0
2050,128
2053,0
2055,128
2054,0
2056,128
2059,0
2061,128
2060,0
2062,128
2065,0
2067,128
2066,0
2068,128
2072,0
2074,128
2073,0
2075,128
2078,0
2080,128
2079,0
2081,128
2084,0
2086,128
2085,0
2087,128
2090,0
2092,128
2091,0
2093,128
2096,0
2098,128
2097,0
2099,128
2103,0
2105,128
2104,0
2106,128
2109,0
2111,128
2110,0
2112,128
2115,0
2117,128
2116,0
2118,128
2121,0
2123,128
2122,0
2124,128
2127,0
2129,128
2128,0
2130,128
2133,0
2136,128
2134,0
2137,128
2140,0
2142,128
2141,0
2143,128
2146,0
2148,128
2147,0
2149,128
2152,0
2154,128
2153,0
2155,128
2158,0
2160,128
2159,0
2161,128
2164,0
2166,128
2165,0
2167,128
2171,0
2173,128
2172,0
2174,128
2177,0
2179,128
2178,0
2180,128
2183,0
2185,128
2184,0
2186,128
2189,0
2191,128
2190,0
2192,128
2195,0
2197,128
2196,0
2198,128
2202,0
2204,128
2203,0
2205,128
2208,0
2210,128
2209,0
2211,128
2214,0
2216,128
2215,0
2217,128
2220,0
2222,128
2221,0
2223,128
2226,0
2228,128
2227,0
2229,128
2232,0
2235,128
2233,0
2236,128
2239,0
2241,128
2240,0
2242,128
2245,0
2247,128
2246,0
2248,128
2251,0
2253,128
2252,0
2254,128
2257,0
2259,128
2258,0
2260,128
2263,0
2265,128
2264,0
2266,128
2270,0
2272,128
2271,0
2273,128
2276,0
2278,128
2277,0
2279,128
2282,0
2284,128
2283,0
2285,128
2288,0
2290,128
2289,0
2291,128
2294,0
2296,128
2295,0
2297,128
2301,0
2303,128
2302,0
2304,128
2307,0
2309,128
2308,0
2310,128
2313,0
2315,128
2314,0
2316,128
2319,0
2321,128
2320,0
2322,128
2325,0
2327,128
2326,0
2328,128
2331,0
2334,128
2332,0
2335,128
2338,0
2340,128
2339,0
2341,128
2344,0
2346,128
2345,0
2347,128
2350,0
2352,128
2351,0
2353,128
2356,0
2358,128
2357,0
2359,128
2362,0
2364,128
2363,0
2365,128
2369,0
2371,128
2370,0
2372,128
2375,0
2377,128
2376,0
2378,128
2381,0
2383,128
2382,0
2384,128
2387,0
2389,128
2388,0
2390,128
2393,0
2395,128
2394,0
2396,128
2400,0
2402,128
2401,0
2403,128
2406,0
2408,128
2407,0
2409,128
2412,0
2414,128
2413,0
2415,128
2418,0
2420,128
2419,0
2421,128
2424,0
2426,128
2425,0
2427,128
2430,0
2434,128
2431,0
2435,128
2440,0
2443,128
2441,0
2444,128
2449,0
2452,128
2450,0
2453,128
2458,0
2461,128
2459,0
2462,128
2467,0
2470,128
2468,0
2471,128
2476,0
2479,128
2477,0
2480,128
2484,0
2486,128
2485,0
2487,128
2490,0
2492,128
2491,0
2493,128
2496,0
2498,128
2497,0
2499,128
2502,0
2504,128
2503,0
2505,128
2508,0
2510,128
2509,0
2511,128
2515,0
2517,128
2516,0
2518,128
2521,0
2523,128
2522,0
2524,128
2527,0
2529,128
2528,0
2530,128
2533,0
2535,128
2534,0
2536,128
2539,0
2541,128
2540,0
2542,128
2545,0
2548,128
2546,0
2549,128
2552,0
2554,128
2553,0
2555,128
2558,0
2560,128
2559,0
2561,128
2564,0
2566,128
2565,0
2567,128
2570,0
2572,128
2571,0
2573,128
2576,0
2578,128
2577,0
2579,128
2583,0
2585,128
2584,0
2586,128
2589,0
2591,128
2590,0
2592,128
2595,0
2597,128
2596,0
2598,128
2601,0
2603,128
2602,0
2604,128
2607,0
2609,128
2608,0
2610,128
2614,0
2616,128
2615,0
2617,128
2620,0
2622,128
2621,0
2623,128
2626,0
2628,128
2627,0
2629,128
2632,0
2634,128
2633,0
2635,128
2638,0
2640,128
2639,0
2641,128
2644,0
2647,128
2645,0
2648,128
2651,0
2653,128
2652,0
2654,128
2657,0
2659,128
2658,0
2660,128
2663,0
2665,128
2664,0
2666,128
2669,0
2671,128
2670,0
2672,128
2675,0
2677,128
2676,0
2678,128
2682,0
2684,128
2683,0
2685,128
2688,0
2690,128
2689,0
2691,128
2694,0
2696,128
2695,0
2697,128
2700,0
2702,128
2701,0
2703,128
2706,0
2708,128
2707,0
2709,128
2713,0
2715,128
2714,0
2716,128
2719,0
2721,128
2720,0
2722,128
2725,0
2727,128
2726,0
2728,128
2731,0
2733,128
2732,0
2734,128
2737,0
2739,128
2738,0
2740,128
2743,0
2746,128
2744,0
2747,128
2750,0
2752,128
2751,0
2753,128
2756,0
2758,128
2757,0
2759,128
2762,0
2764,128
2763,0
2765,128
2768,0
2770,128
2769,0
2771,128
2774,0
2776,128
2775,0
2777,128
2781,0
2783,128
2782,0
2784,128
2787,0
2789,128
2788,0
2790,128
2793,0
2795,128
2794,0
2796,128
2799,0
2801,128
2800,0
2802,128
2805,0
2807,128
2806,0
2808,128
2812,0
2814,128
2813,0
2815,128
2818,0
2820,128
2819,0
2821,128
2824,0
2826,128
2825,0
2827,128
2830,0
2832,128
2831,0
2833,128
2836,0
2838,128
2837,0
2839,128
2842,0
2845,128
2843,0
2846,128
2849,0
2851,128
2850,0
2852,128
2855,0
2857,128
2856,0
2858,128
2861,0
2863,128
2862,0
2864,128
2867,0
2869,128
2868,0
2870,128
2873,0
2875,128
2874,0
2876,128
2880,0
2882,128
2881,0
2883,128
2886,0
2888,128
2887,0
2889,128
2892,0
2894,128
2893,0
2895,128
2898,0
2900,128
2899,0
2901,128
2904,0
2906,128
2905,0
2907,128
2911,0
2913,128
2912,0
2914,128
2917,0
2919,128
2918,0
2920,128
2923,0
2925,128
2924,0
2926,128
2929,0
2931,128
2930,0
2932,128
2935,0
2937,128
2936,0
2938,128
2941,0
2944,128
2942,0
2945,128
2948,0
2950,128
2949,0
2951,128
2954,0
2956,128
2955,0
2957,128
2960,0
2962,128
2961,0
2963,128
2966,0
2968,128
2967,0
2969,128
2972,0
2974,128
2973,0
2975,128
2981,0
2984,128
2982,0
2985,128
2990,0
2993,128
2991,0
2994,128
2999,0
3002,128
3000,0
3003,128
3008,0
3011,128
3009,0
3012,128
3017,0
3020,128
3018,0
3021,128
3026,0
3028,128
3027,0
3029,128
3032,0
3034,128
3033,0
3035,128
3038,0
3040,128
3039,0
3041,128
3044,0
3046,128
3045,0
3047,128
3050,0
3052,128
3051,0
3053,128
3056,0
3059,128
3057,0
3060,128
3063,0
3065,128
3064,0
3066,128
3069,0
3071,128
3070,0
3072,128
3075,0
3077,128
3076,0
3078,128
3081,0
3083,128
3082,0
3084,128
3087,0
3089,128
3088,0
3090,128
3094,0
3096,128
3095,0
3097,128
3100,0
3102,128
3101,0
3103,128
3106,0
3108,128
3107,0
3109,128
3112,0
3114,128
3113,0
3115,128
3118,0
3120,128
3119,0
3121,128
3125,0
3127,128
3126,0
3128,128
3131,0
3133,128
3132,0
3134,128
3137,0
3139,128
3138,0
3140,128
3143,0
3145,128
3144,0
3146,128
3149,0
3151,128
3150,0
3152,128
3155,0
3158,128
3156,0
3159,128
3162,0
3164,128
3163,0
3165,128
3168,0
3170,128
3169,0
3171,128
3174,0
3176,128
3175,0
3177,128
3180,0
3182,128
3181,0
3183,128
3186,0
3188,128
3187,0
3189,128
3193,0
3195,128
3194,0
3196,128
3199,0
3201,128
3200,0
3202,128
3205,0
3207,128
3206,0
3208,128
3211,0
3213,128
3212,0
3214,128
3217,0
3219,128
3218,0
3220,128
3224,0
3226,128
3225,0
3227,128
3230,0
3232,128
3231,0
3233,128
3236,0
3238,128
3237,0
3239,128
3242,0
3244,128
3243,0
3245,128
3248,0
3250,128
3249,0
3251,128
3254,0
3257,128
3255,0
3258,128
3261,0
3263,128
3262,0
3264,128
3267,0
3269,128
3268,0
3270,128
3273,0
3275,128
3274,0
3276,128
3279,0
3281,128
3280,0
3282,128
3285,0
3287,128
3286,0
3288,128
3292,0
3294,128
3293,0
3295,128
3298,0
3300,128
3299,0
3301,128
3304,0
3306,128
3305,0
3307,128
3310,0
3312,128
3311,0
3313,128
3316,0
3318,128
3317,0
3319,128
3323,0
3325,128
3324,0
3326,128
3329,0
3331,128
3330,0
3332,128
3335,0
3337,128
3336,0
3338,128
3341,0
3343,128
3342,0
3344,128
3347,0
3349,128
3348,0
3350,128
3353,0
3356,128
3354,0
3357,128
3360,0
3362,128
3361,0
3363,128
3366,0
3368,128
3367,0
3369,128
3372,0
3374,128
3373,0
3375,128
3378,0
3380,128
3379,0
3381,128
3384,0
3386,128
3385,0
3387,128
3391,0
3393,128
3392,0
3394,128
3397,0
3399,128
3398,0
3400,128
3403,0
3405,128
3404,0
3406,128
3409,0
3411,128
3410,0
3412,128
3415,0
3417,128
3416,0
3418,128
3422,0
3424,128
3423,0
3425,128
3428,0
3430,128
3429,0
3431,128
3434,0
3436,128
3435,0
3437,128
3440,0
3442,128
3441,0
3443,128
3446,0
3448,128
3447,0
3449,128
3452,0
3455,128
3453,0
3456,128
3459,0
3461,128
3460,0
3462,128
3465,0
3467,128
3466,0
3468,128
3471,0
3473,128
3472,0
3474,128
3477,0
3479,128
3478,0
3480,128
3483,0
3485,128
3484,0
3486,128
3490,0
3492,128
3491,0
3493,128
3496,0
3498,128
3497,0
3499,128
3502,0
3504,128
3503,0
3505,128
3508,0
3510,128
3509,0
3511,128
3514,0
3516,128
3515,0
3517,128
3522,0
3525,128
3523,0
3526,128
3531,0
3534,128
3532,0
3535,128
3540,0
3543,128
3541,0
3544,128
3549,0
3552,128
3550,0
3553,128
3558,0
3561,128
3559,0
3562,128
3567,0
3570,128
3568,0
3571,128
3574,0
3576,128
3575,0
3577,128
3580,0
3582,128
3581,0
3583,128
3586,0
3588,128
3587,0
3589,128
3592,0
3594,128
3593,0
3595,128
3598,0
3600,128
3599,0
3601,128
3605,0
3607,128
3606,0
3608,128
3611,0
3613,128
3612,0
3614,128
3617,0
3619,128
3618,0
3620,128
3623,0
3625,128
3624,0
3626,128
3629,0
3631,128
3630,0
3632,128
3636,0
3638,128
3637,0
3639,128
3642,0
3644,128
3643,0
3645,128
3648,0
3650,128
3649,0
3651,128
3654,0
3656,128
3655,0
3657,128
3660,0
3662,128
3661,0
3663,128
3666,0
3669,128
3667,0
3670,128
3673,0
3675,128
3674,0
3676,128
3679,0
3681,128
3680,0
3682,128
3685,0
3687,128
3686,0
3688,128
3691,0
3693,128
3692,0
3694,128
3697,0
3699,128
3698,0
3700,128
3704,0
3706,128
3705,0
3707,128
3710,0
3712,128
3711,0
3713,128
3716,0
3718,128
3717,0
3719,128
3722,0
3724,128
3723,0
3725,128
3728,0
3730,128
3729,0
3731,128
3735,0
3737,128
3736,0
3738,128
3741,0
3743,128
3742,0
3744,128
3747,0
3749,128
3748,0
3750,128
3753,0
3755,128
3754,0
3756,128
3759,0
3761,128
3760,0
3762,128
3765,0
3768,128
3766,0
3769,128
3772,0
3774,128
3773,0
3775,128
3778,0
3780,128
3779,0
3781,128
3784,0
3786,128
3785,0
3787,128
3790,0
3792,128
3791,0
3793,128
3796,0
3798,128
3797,0
3799,128
3803,0
3805,128
3804,0
3806,128
3809,0
3811,128
3810,0
3812,128
3815,0
3817,128
3816,0
3818,128
3821,0
3823,128
3822,0
3824,128
3827,0
3829,128
3828,0
3830,128
3834,0
3836,128
3835,0
3837,128
3840,0
3842,128
3841,0
3843,128
3846,0
3848,128
3847,0
3849,128
3852,0
3854,128
3853,0
3855,128
3858,0
3860,128
3859,0
3861,128
3864,0
3867,128
3865,0
3868,128
3871,0
3873,128
3872,0
3874,128
3877,0
3879,128
3878,0
3880,128
3883,0
3885,128
3884,0
3886,128
3889,0
3891,128
3890,0
3892,128
3895,0
3897,128
3896,0
3898,128
3902,0
3904,128
3903,0
3905,128
3908,0
3910,128
3909,0
3911,128
3914,0
3916,128
3915,0
3917,128
3920,0
3922,128
3921,0
3923,128
3926,0
3928,128
3927,0
3929,128
3933,0
3935,128
3934,0
3936,128
3939,0
3941,128
3940,0
3942,128
3945,0
3947,128
3946,0
3948,128
3951,0
3953,128
3952,0
3954,128
3957,0
3959,128
3958,0
3960,128
3963,0
3966,128
3964,0
3967,128
3970,0
3972,128
3971,0
3973,128
3976,0
3978,128
3977,0
3979,128
3982,0
3984,128
3983,0
3985,128
3988,0
3990,128
3989,0
3991,128
3994,0
3996,128
3995,0
3997,128
4001,0
4003,128
4002,0
4004,128
4007,0
4009,128
4008,0
4010,128
4013,0
4015,128
4014,0
4016,128
4019,0
4021,128
4020,0
4022,128
4025,0
4027,128
4026,0
4028,128
4032,0
4034,128
4033,0
4035,128
4038,0
4040,128
4039,0
4041,128
4044,0
4046,128
4045,0
4047,128
4050,0
4052,128
4051,0
4053,128
4056,0
4058,128
4057,0
4059,128
4062,0
4066,128
4063,0
4067,128
4072,0
4075,128
4073,0
4076,128
4081,0
4084,128
4082,0
4085,128
4090,0
4093,128
4091,0
4094,128
4099,0
4102,128
4100,0
4103,128
4108,0
4111,128
4109,0
4112,128
4116,0
4118,128
4117,0
4119,128
4122,0
4124,128
4123,0
4125,128
4128,0
4130,128
4129,0
4131,128
4134,0
4136,128
4135,0
4137,128
4140,0
4142,128
4141,0
4143,128
4147,0
4149,128
4148,0
4150,128
4153,0
4155,128
4154,0
4156,128
4159,0
4161,128
4160,0
4162,128
4165,0
4167,128
4166,0
4168,128
4171,0
4173,128
4172,0
4174,128
4177,0
4180,128
4178,0
4181,128
4184,0
4186,128
4185,0
4187,128
4190,0
4192,128
4191,0
4193,128
4196,0
4198,128
4197,0
4199,128
4202,0
4204,128
4203,0
4205,128
4208,0
4210,128
4209,0
4211,128
4215,0
4217,128
4216,0
4218,128
4221,0
4223,128
4222,0
4224,128
4227,0
4229,128
4228,0
4230,128
4233,0
4235,128
4234,0
4236,128
4239,0
4241,128
4240,0
4242,128
4246,0
4248,128
4247,0
4249,128
4252,0
4254,128
4253,0
4255,128
4258,0
4260,128
4259,0
4261,128
4264,0
4266,128
4265,0
4267,128
4270,0
4272,128
4271,0
4273,128
4276,0
4279,128
4277,0
4280,128
4283,0
4285,128
4284,0
4286,128
4289,0
4291,128
4290,0
4292,128
4295,0
4297,128
4296,0
4298,128
4301,0
4303,128
4302,0
4304,128
4307,0
4309,128
4308,0
4310,128
4314,0
4316,128
4315,0
4317,128
4320,0
4322,128
4321,0
4323,128
4326,0
4328,128
4327,0
4329,128
4332,0
4334,128
4333,0
4335,128
4338,0
4340,128
4339,0
4341,128
4345,0
4347,128
4346,0
4348,128
4351,0
4353,128
4352,0
4354,128
4357,0
4359,128
4358,0
4360,128
4363,0
4365,128
4364,0
4366,128
4369,0
4371,128
4370,0
4372,128
4375,0
4378,128
4376,0
4379,128
4382,0
4384,128
4383,0
4385,128
4388,0
4390,128
4389,0
4391,128
4394,0
4396,128
4395,0
4397,128
4400,0
4402,128
4401,0
4403,128
4406,0
4408,128
4407,0
4409,128
4413,0
4415,128
4414,0
4416,128
4419,0
4421,128
4420,0
4422,128
4425,0
4427,128
4426,0
4428,128
4431,0
4433,128
4432,0
4434,128
4437,0
4439,128
4438,0
4440,128
4444,0
4446,128
4445,0
4447,128
4450,0
4452,128
4451,0
4453,128
4456,0
4458,128
4457,0
4459,128
4462,0
4464,128
4463,0
4465,128
4468,0
4470,128
4469,0
4471,128
4474,0
4477,128
4475,0
4478,128
4481,0
4483,128
4482,0
4484,128
4487,0
4489,128
4488,0
4490,128
4493,0
4495,128
4494,0
4496,128
4499,0
4501,128
4500,0
4502,128
4505,0
4507,128
4506,0
4508,128
4512,0
4514,128
4513,0
4515,128
4518,0
4520,128
4519,0
4521,128
4524,0
4526,128
4525,0
4527,128
4530,0
4532,128
4531,0
4533,128
4536,0
4538,128
4537,0
4539,128
4543,0
4545,128
4544,0
4546,128
4549,0
4551,128
4550,0
4552,128
4555,0
4557,128
4556,0
4558,128
4561,0
4563,128
4562,0
4564,128
4567,0
4569,128
4568,0
4570,128
4573,0
4576,128
4574,0
4577,128
4580,0
4582,128
4581,0
4583,128
4586,0
4588,128
4587,0
4589,128
4592,0
4594,128
4593,0
4595,128
4598,0
4600,128
4599,0
4601,128
4604,0
4606,128
4605,0
4607,128
4613,0
4616,128
4614,0
4617,128
4622,0
4625,128
4623,0
4626,128
4631,0
4634,128
4632,0
4635,128
4640,0
4643,128
4641,0
4644,128
4649,0
4652,128
4650,0
4653,128
4658,0
4660,128
4659,0
4661,128
4664,0
4666,128
4665,0
4667,128
4670,0
4672,128
4671,0
4673,128
4676,0
4678,128
4677,0
4679,128
4682,0
4684,128
4683,0
4685,128
4688,0
4691,128
4689,0
4692,128
4695,0
4697,128
4696,0
4698,128
4701,0
4703,128
4702,0
4704,128
4707,0
4709,128
4708,0
4710,128
4713,0
4715,128
4714,0
4716,128
4719,0
4721,128
4720,0
4722,128
4726,0
4728,128
4727,0
4729,128
4732,0
4734,128
4733,0
4735,128
4738,0
4740,128
4739,0
4741,128
4744,0
4746,128
4745,0
4747,128
4750,0
4752,128
4751,0
4753,128
4757,0
4759,128
4758,0
4760,128
4763,0
4765,128
4764,0
4766,128
4769,0
4771,128
4770,0
4772,128
4775,0
4777,128
4776,0
4778,128
4781,0
4783,128
4782,0
4784,128
4787,0
4790,128
4788,0
4791,128
4794,0
4796,128
4795,0
4797,128
4800,0
4802,128
4801,0
4803,128
4806,0
4808,128
4807,0
4809,128
4812,0
4814,128
4813,0
4815,128
4818,0
4820,128
4819,0
4821,128
4825,0
4827,128
4826,0
4828,128
4831,0
4833,128
4832,0
4834,128
4837,0
4839,128
4838,0
4840,128
4843,0
4845,128
4844,0
4846,128
4849,0
4851,128
4850,0
4852,128
4856,0
4858,128
4857,0
4859,128
4862,0
4864,128
4863,0
4865,128
4868,0
4870,128
4869,0
4871,128
4874,0
4876,128
4875,0
4877,128
4880,0
4882,128
4881,0
4883,128
4886,0
4889,128
4887,0
4890,128
4893,0
4895,128
4894,0
4896,128
4899,0
4901,128
4900,0
4902,128
4905,0
4907,128
4906,0
4908,128
4911,0
4913,128
4912,0
4914,128
4917,0
4919,128
4918,0
4920,128
4924,0
4926,128
4925,0
4927,128
4930,0
4932,128
4931,0
4933,128
4936,0
4938,128
4937,0
4939,128
4942,0
4944,128
4943,0
4945,128
4948,0
4950,128
4949,0
4951,128
4955,0
4957,128
4956,0
4958,128
4961,0
4963,128
4962,0
4964,128
4967,0
4969,128
4968,0
4970,128
4973,0
4975,128
4974,0
4976,128
4979,0
4981,128
4980,0
4982,128
4985,0
4988,128
4986,0
4989,128
4992,0
4994,128
4993,0
4995,128
4998,0
5000,128
4999,0
5001,128
5004,0
5006,128
5005,0
5007,128
5010,0
5012,128
5011,0
5013,128
5016,0
5018,128
5017,0
5019,128
5023,0
5025,128
5024,0
5026,128
5029,0
5031,128
5030,0
5032,128
5035,0
5037,128
5036,0
5038,128
5041,0
5043,128
5042,0
5044,128
5047,0
5049,128
5048,0
5050,128
5054,0
5056,128
5055,0
5057,128
5060,0
5062,128
5061,0
5063,128
5066,0
5068,128
5067,0
5069,128
5072,0
5074,128
5073,0
5075,128
5078,0
5080,128
5079,0
5081,128
5084,0
5087,128
5085,0
5088,128
5091,0
5093,128
5092,0
5094,128
5097,0
5099,128
5098,0
5100,128
5103,0
5105,128
5104,0
5106,128
5109,0
5111,128
5110,0
5112,128
5115,0
5117,128
5116,0
5118,128
5122,0
5124,128
5123,0
5125,128
5128,0
5130,128
5129,0
5131,128
5134,0
5136,128
5135,0
5137,128
5140,0
5142,128
5141,0
5143,128
5146,0
5148,128
5147,0
5149,128
5154,0
5157,128
5155,0
5158,128
5163,0
5166,128
5164,0
5167,128
5172,0
5175,128
5173,0
5176,128
5181,0
5184,128
5182,0
5185,128
5190,0
5193,128
5191,0
5194,128
5199,0
5202,128
5200,0
5203,128
5206,0
5208,128
5207,0
5209,128
5212,0
5214,128
5213,0
5215,128
5218,0
5220,128
5219,0
5221,128
5224,0
5226,128
5225,0
5227,128
5230,0
5232,128
5231,0
5233,128
5237,0
5239,128
5238,0
5240,128
5243,0
5245,128
5244,0
5246,128
5249,0
5251,128
5250,0
5252,128
5255,0
5257,128
5256,0
5258,128
5261,0
5263,128
5262,0
5264,128
5268,0
5270,128
5269,0
5271,128
5274,0
5276,128
5275,0
5277,128
5280,0
5282,128
5281,0
5283,128
5286,0
5288,128
5287,0
5289,128
5292,0
5294,128
5293,0
5295,128
5298,0
5301,128
5299,0
5302,128
5305,0
5307,128
5306,0
5308,128
5311,0
5313,128
5312,0
5314,128
5317,0
5319,128
5318,0
5320,128
5323,0
5325,128
5324,0
5326,128
5329,0
5331,128
5330,0
5332,128
5336,0
5338,128
5337,0
5339,128
5342,0
5344,128
5343,0
5345,128
5348,0
5350,128
5349,0
5351,128
5354,0
5356,128
5355,0
5357,128
5360,0
5362,128
5361,0
5363,128
5367,0
5369,128
5368,0
5370,128
5373,0
5375,128
5374,0
5376,128
5379,0
5381,128
5380,0
5382,128
5385,0
5387,128
5386,0
5388,128
5391,0
5393,128
5392,0
5394,128
5397,0
5400,128
5398,0
5401,128
5404,0
5406,128
5405,0
5407,128
5410,0
5412,128
5411,0
5413,128
5416,0
5418,128
5417,0
5419,128
5422,0
5424,128
5423,0
5425,128
5428,0
5430,128
5429,0
5431,128
5435,0
5437,128
5436,0
5438,128
5441,0
5443,128
5442,0
5444,128
5447,0
5449,128
5448,0
5450,128
5453,0
5455,128
5454,0
5456,128
5459,0
5461,128
5460,0
5462,128
5466,0
5468,128
5467,0
5469,128
5472,0
5474,128
5473,0
5475,128
5478,0
5480,128
5479,0
5481,128
5484,0
5486,128
5485,0
5487,128
5490,0
5492,128
5491,0
5493,128
5496,0
5499,128
5497,0
5500,128
5503,0
5505,128
5504,0
5506,128
5509,0
5511,128
5510,0
5512,128
5515,0
5517,128
5516,0
5518,128
5521,0
5523,128
5522,0
5524,128
5527,0
5529,128
5528,0
5530,128
5534,0
5536,128
5535,0
5537,128
5540,0
5542,128
5541,0
5543,128
5546,0
5548,128
5547,0
5549,128
5552,0
5554,128
5553,0
5555,128
5558,0
5560,128
5559,0
5561,128
5565,0
5567,128
5566,0
5568,128
5571,0
5573,128
5572,0
5574,128
5577,0
5579,128
5578,0
5580,128
5583,0
5585,128
5584,0
5586,128
5589,0
5591,128
5590,0
5592,128
5595,0
5598,128
5596,0
5599,128
5602,0
5604,128
5603,0
5605,128
5608,0
5610,128
5609,0
5611,128
5614,0
5616,128
5615,0
5617,128
5620,0
5622,128
5621,0
5623,128
5626,0
5628,128
5627,0
5629,128
5633,0
5635,128
5634,0
5636,128
5639,0
5641,128
5640,0
5642,128
5645,0
5647,128
5646,0
5648,128
5651,0
5653,128
5652,0
5654,128
5657,0
5659,128
5658,0
5660,128
5664,0
5666,128
5665,0
5667,128
5670,0
5672,128
5671,0
5673,128
5676,0
5678,128
5677,0
5679,128
5682,0
5684,128
5683,0
5685,128
5688,0
5690,128
5689,0
5691,128
5694,0
5698,128
5695,0
5699,128
5704,0
5707,128
5705,0
5708,128
5713,0
5716,128
5714,0
5717,128
5722,0
5725,128
5723,0
5726,128
5731,0
5734,128
5732,0
5735,128
5740,0
5743,128
5741,0
5744,128
5748,0
5750,128
5749,0
5751,128
5754,0
5756,128
5755,0
5757,128
5760,0
5762,128
5761,0
5763,128
5766,0
5768,128
5767,0
5769,128
5772,0
5774,128
5773,0
5775,128
5779,0
5781,128
5780,0
5782,128
5785,0
5787,128
5786,0
5788,128
5791,0
5793,128
5792,0
5794,128
5797,0
5799,128
5798,0
5800,128
5803,0
5805,128
5804,0
5806,128
5809,0
5812,128
5810,0
5813,128
5816,0
5818,128
5817,0
5819,128
5822,0
5824,128
5823,0
5825,128
5828,0
5830,128
5829,0
5831,128
5834,0
5836,128
5835,0
5837,128
5840,0
5842,128
5841,0
5843,128
5847,0
5849,128
5848,0
5850,128
5853,0
5855,128
5854,0
5856,128
5859,0
5861,128
5860,0
5862,128
5865,0
5867,128
5866,0
5868,128
5871,0
5873,128
5872,0
5874,128
5878,0
5880,128
5879,0
5881,128
5884,0
5886,128
5885,0
5887,128
5890,0
5892,128
5891,0
5893,128
5896,0
5898,128
5897,0
5899,128
5902,0
5904,128
5903,0
5905,128
5908,0
5911,128
5909,0
5912,128
5915,0
5917,128
5916,0
5918,128
5921,0
5923,128
5922,0
5924,128
5927,0
5929,128
5928,0
5930,128
5933,0
5935,128
5934,0
5936,128
5939,0
5941,128
5940,0
5942,128
5946,0
5948,128
5947,0
5949,128
5952,0
5954,128
5953,0
5955,128
5958,0
5960,128
5959,0
5961,128
5964,0
5966,128
5965,0
5967,128
5970,0
5972,128
5971,0
5973,128
5977,0
5979,128
5978,0
5980,128
5983,0
5985,128
5984,0
5986,128
5989,0
5991,128
5990,0
5992,128
5995,0
5997,128
5996,0
5998,128
6001,0
6003,128
6002,0
6004,128
6007,0
6010,128
6008,0
6011,128
6014,0
6016,128
6015,0
6017,128
6020,0
6022,128
6021,0
6023,128
6026,0
6028,128
6027,0
6029,128
6032,0
6034,128
6033,0
6035,128
6038,0
6040,128
6039,0
6041,128
6045,0
6047,128
6046,0
6048,128
6051,0
6053,128
6052,0
6054,128
6057,0
6059,128
6058,0
6060,128
6063,0
6065,128
6064,0
6066,128
6069,0
6071,128
6070,0
6072,128
6076,0
6078,128
6077,0
6079,128
6082,0
6084,128
6083,0
6085,128
6088,0
6090,128
6089,0
6091,128
6094,0
6096,128
6095,0
6097,128
6100,0
6102,128
6101,0
6103,128
6106,0
6109,128
6107,0
6110,128
6113,0
6115,128
6114,0
6116,128
6119,0
6121,128
6120,0
6122,128
6125,0
6127,128
6126,0
6128,128
6131,0
6133,128
6132,0
6134,128
6137,0
6139,128
6138,0
6140,128
6144,0
6146,128
6145,0
6147,128
6150,0
6152,128
6151,0
6153,128
6156,0
6158,128
6157,0
6159,128
6162,0
6164,128
6163,0
6165,128
6168,0
6170,128
6169,0
6171,128
6175,0
6177,128
6176,0
6178,128
6181,0
6183,128
6182,0
6184,128
6187,0
6189,128
6188,0
6190,128
6193,0
6195,128
6194,0
6196,128
6199,0
6201,128
6200,0
6202,128
6205,0
6208,128
6206,0
6209,128
6212,0
6214,128
6213,0
6215,128
6218,0
6220,128
6219,0
6221,128
6224,0
6226,128
6225,0
6227,128
6230,0
6232,128
6231,0
6233,128
6236,0
6238,128
6237,0
6239,128
6245,0
6248,128
6246,0
6249,128
6254,0
6257,128
6255,0
6258,128
6263,0
6266,128
6264,0
6267,128
6272,0
6275,128
6273,0
6276,128
6281,0
6284,128
6282,0
6285,128
6290,0
6292,128
6291,0
6293,128
6296,0
6298,128
6297,0
6299,128
6302,0
6304,128
6303,0
6305,128
6308,0
6310,128
6309,0
6311,128
6314,0
6316,128
6315,0
6317,128
6320,0
6323,128
6321,0
6324,128
6327,0
6329,128
6328,0
6330,128
6333,0
6335,128
6334,0
6336,128
6339,0
6341,128
6340,0
6342,128
6345,0
6347,128
6346,0
6348,128
6351,0
6353,128
6352,0
6354,128
6358,0
6360,128
6359,0
6361,128
6364,0
6366,128
6365,0
6367,128
6370,0
6372,128
6371,0
6373,128
6376,0
6378,128
6377,0
6379,128
6382,0
6384,128
6383,0
6385,128
6389,0
6391,128
6390,0
6392,128
6395,0
6397,128
6396,0
6398,128
6401,0
6403,128
6402,0
6404,128
6407,0
6409,128
6408,0
6410,128
6413,0
6415,128
6414,0
6416,128
6419,0
6422,128
6420,0
6423,128
6426,0
6428,128
6427,0
6429,128
6432,0
6434,128
6433,0
6435,128
6438,0
6440,128
6439,0
6441,128
6444,0
6446,128
6445,0
6447,128
6450,0
6452,128
6451,0
6453,128
6457,0
6459,128
6458,0
6460,128
6463,0
6465,128
6464,0
6466,128
6469,0
6471,128
6470,0
6472,128
6475,0
6477,128
6476,0
6478,128
6481,0
6483,128
6482,0
6484,128
6488,0
6490,128
6489,0
6491,128
6494,0
6496,128
6495,0
6497,128
6500,0
6502,128
6501,0
6503,128
6506,0
6508,128
6507,0
6509,128
6512,0
6514,128
6513,0
6515,128
6518,0
6521,128
6519,0
6522,128
6525,0
6527,128
6526,0
6528,128
6531,0
6533,128
6532,0
6534,128
6537,0
6539,128
6538,0
6540,128
6543,0
6545,128
6544,0
6546,128
6549,0
6551,128
6550,0
6552,128
6556,0
6558,128
6557,0
6559,128
6562,0
6564,128
6563,0
6565,128
6568,0
6570,128
6569,0
6571,128
6574,0
6576,128
6575,0
6577,128
6580,0
6582,128
6581,0
6583,128
6587,0
6589,128
6588,0
6590,128
6593,0
6595,128
6594,0
6596,128
6599,0
6601,128
6600,0
6602,128
6605,0
6607,128
6606,0
6608,128
6611,0
6613,128
6612,0
6614,128
6617,0
6620,128
6618,0
6621,128
6624,0
6626,128
6625,0
6627,128
6630,0
6632,128
6631,0
6633,128
6636,0
6638,128
6637,0
6639,128
6642,0
6644,128
6643,0
6645,128
6648,0
6650,128
6649,0
6651,128
6655,0
6657,128
6656,0
6658,128
6661,0
6663,128
6662,0
6664,128
6667,0
6669,128
6668,0
6670,128
6673,0
6675,128
6674,0
6676,128
6679,0
6681,128
6680,0
6682,128
6686,0
6688,128
6687,0
6689,128
6692,0
6694,128
6693,0
6695,128
6698,0
6700,128
6699,0
6701,128
6704,0
6706,128
6705,0
6707,128
6710,0
6712,128
6711,0
6713,128
6716,0
6719,128
6717,0
6720,128
6723,0
6725,128
6724,0
6726,128
6729,0
6731,128
6730,0
6732,128
6735,0
6737,128
6736,0
6738,128
6741,0
6743,128
6742,0
6744,128
6747,0
6749,128
6748,0
6750,128
6754,0
6756,128
6755,0
6757,128
6760,0
6762,128
6761,0
6763,128
6766,0
6768,128
6767,0
6769,128
6772,0
6774,128
6773,0
6775,128
6778,0
6780,128
6779,0
6781,128
6786,0
6789,128
6787,0
6790,128
6795,0
6798,128
6796,0
6799,128
6804,0
6807,128
6805,0
6808,128
6813,0
6816,128
6814,0
6817,128
6822,0
6825,128
6823,0
6826,128
6831,0
6834,128
6832,0
6835,128
6838,0
6840,128
6839,0
6841,128
6844,0
6846,128
6845,0
6847,128
6850,0
6852,128
6851,0
6853,128
6856,0
6858,128
6857,0
6859,128
6862,0
6864,128
6863,0
6865,128
6869,0
6871,128
6870,0
6872,128
6875,0
6877,128
6876,0
6878,128
6881,0
6883,128
6882,0
6884,128
6887,0
6889,128
6888,0
6890,128
6893,0
6895,128
6894,0
6896,128
6900,0
6902,128
6901,0
6903,128
6906,0
6908,128
6907,0
6909,128
6912,0
6914,128
6913,0
6915,128
6918,0
6920,128
6919,0
6921,128
6924,0
6926,128
6925,0
6927,128
6930,0
6933,128
6931,0
6934,128
6937,0
6939,128
6938,0
6940,128
6943,0
6945,128
6944,0
6946,128
6949,0
6951,128
6950,0
6952,128
6955,0
6957,128
6956,0
6958,128
6961,0
6963,128
6962,0
6964,128
6968,0
6970,128
6969,0
6971,128
6974,0
6976,128
6975,0
6977,128
6980,0
6982,128
6981,0
6983,128
6986,0
6988,128
6987,0
6989,128
6992,0
6994,128
6993,0
6995,128
6999,0
7001,128
7000,0
7002,128
7005,0
7007,128
7006,0
7008,128
7011,0
7013,128
7012,0
7014,128
7017,0
7019,128
7018,0
7020,128
7023,0
7025,128
7024,0
7026,128
7029,0
7032,128
7030,0
7033,128
7036,0
7038,128
7037,0
7039,128
7042,0
7044,128
7043,0
7045,128
7048,0
7050,128
7049,0
7051,128
7054,0
7056,128
7055,0
7057,128
7060,0
7062,128
7061,0
7063,128
7067,0
7069,128
7068,0
7070,128
7073,0
7075,128
7074,0
7076,128
7079,0
7081,128
7080,0
7082,128
7085,0
7087,128
7086,0
7088,128
7091,0
7093,128
7092,0
7094,128
7098,0
7100,128
7099,0
7101,128
7104,0
7106,128
7105,0
7107,128
7110,0
7112,128
7111,0
7113,128
7116,0
7118,128
7117,0
7119,128
7122,0
7124,128
7123,0
7125,128
7128,0
7131,128
7129,0
7132,128
7135,0
7137,128
7136,0
7138,128
7141,0
7143,128
7142,0
7144,128
7147,0
7149,128
7148,0
7150,128
7153,0
7155,128
7154,0
7156,128
7159,0
7161,128
7160,0
7162,128
7166,0
7168,128
7167,0
7169,128
7172,0
7174,128
7173,0
7175,128
7178,0
7180,128
7179,0
7181,128
7184,0
7186,128
7185,0
7187,128
7190,0
7192,128
7191,0
7193,128
7197,0
7199,128
7198,0
7200,128
7203,0
7205,128
7204,0
7206,128
7209,0
7211,128
7210,0
7212,128
7215,0
7217,128
7216,0
7218,128
7221,0
7223,128
7222,0
7224,128
7227,0
7230,128
7228,0
7231,128
7234,0
7236,128
7235,0
7237,128
7240,0
7242,128
7241,0
7243,128
7246,0
7248,128
7247,0
7249,128
7252,0
7254,128
7253,0
7255,128
7258,0
7260,128
7259,0
7261,128
7265,0
7267,128
7266,0
7268,128
7271,0
7273,128
7272,0
7274,128
7277,0
7279,128
7278,0
7280,128
7283,0
7285,128
7284,0
7286,128
7289,0
7291,128
7290,0
7292,128
7296,0
7298,128
7297,0
7299,128
7302,0
7304,128
7303,0
7305,128
7308,0
7310,128
7309,0
7311,128
7314,0
7316,128
7315,0
7317,128
7320,0
7322,128
7321,0
7323,128
7326,0
7330,128
7327,0
7331,128
7336,0
7339,128
7337,0
7340,128
7345,0
7348,128
7346,0
7349,128
7354,0
7357,128
7355,0
7358,128
7363,0
7366,128
7364,0
7367,128
7372,0
7375,128
7373,0
7376,128
7380,0
7382,128
7381,0
7383,128
7386,0
7388,128
7387,0
7389,128
7392,0
7394,128
7393,0
7395,128
7398,0
7400,128
7399,0
7401,128
7404,0
7406,128
7405,0
7407,128
7411,0
7413,128
7412,0
7414,128
7417,0
7419,128
7418,0
7420,128
7423,0
7425,128
7424,0
7426,128
7429,0
7431,128
7430,0
7432,128
7435,0
7437,128
7436,0
7438,128
7441,0
7444,128
7442,0
7445,128
7448,0
7450,128
7449,0
7451,128
7454,0
7456,128
7455,0
7457,128
7460,0
7462,128
7461,0
7463,128
7466,0
7468,128
7467,0
7469,128
7472,0
7474,128
7473,0
7475,128
7479,0
7481,128
7480,0
7482,128
7485,0
7487,128
7486,0
7488,128
7491,0
7493,128
7492,0
7494,128
7497,0
7499,128
7498,0
7500,128
7503,0
7505,128
7504,0
7506,128
7510,0
7512,128
7511,0
7513,128
7516,0
7518,128
7517,0
7519,128
7522,0
7524,128
7523,0
7525,128
7528,0
7530,128
7529,0
7531,128
7534,0
7536,128
7535,0
7537,128
7540,0
7543,128
7541,0
7544,128
7547,0
7549,128
7548,0
7550,128
7553,0
7555,128
7554,0
7556,128
7559,0
7561,128
7560,0
7562,128
7565,0
7567,128
7566,0
7568,128
7571,0
7573,128
7572,0
7574,128
7578,0
7580,128
7579,0
7581,128
7584,0
7586,128
7585,0
7587,128
7590,0
7592,128
7591,0
7593,128
7596,0
7598,128
7597,0
7599,128
7602,0
7604,128
7603,0
7605,128
7609,0
7611,128
7610,0
7612,128
7615,0
7617,128
7616,0
7618,128
7621,0
7623,128
7622,0
7624,128
7627,0
7629,128
7628,0
7630,128
7633,0
7635,128
7634,0
7636,128
7639,0
7642,128
7640,0
7643,128
7646,0
7648,128
7647,0
7649,128
7652,0
7654,128
7653,0
7655,128
7658,0
7660,128
7659,0
7661,128
7664,0
7666,128
7665,0
7667,128
7670,0
7672,128
7671,0
7673,128
7677,0
7679,128
7678,0
7680,128
7683,0
7685,128
7684,0
7686,128
7689,0
7691,128
7690,0
7692,128
7695,0
7697,128
7696,0
7698,128
7701,0
7703,128
7702,0
7704,128
7708,0
7710,128
7709,0
7711,128
7714,0
7716,128
7715,0
7717,128
7720,0
7722,128
7721,0
7723,128
7726,0
7728,128
7727,0
7729,128
7732,0
7734,128
7733,0
7735,128
7738,0
7741,128
7739,0
7742,128
7745,0
7747,128
7746,0
7748,128
7751,0
7753,128
7752,0
7754,128
7757,0
7759,128
7758,0
7760,128
7763,0
7765,128
7764,0
7766,128
7769,0
7771,128
7770,0
7772,128
7776,0
7778,128
7777,0
7779,128
7782,0
7784,128
7783,0
7785,128
7788,0
7790,128
7789,0
7791,128
7794,0
7796,128
7795,0
7797,128
7800,0
7802,128
7801,0
7803,128
7807,0
7809,128
7808,0
7810,128
7813,0
7815,128
7814,0
7816,128
7819,0
7821,128
7820,0
7822,128
7825,0
7827,128
7826,0
7828,128
7831,0
7833,128
7832,0
7834,128
7837,0
7840,128
7838,0
7841,128
7844,0
7846,128
7845,0
7847,128
7850,0
7852,128
7851,0
7853,128
7856,0
7858,128
7857,0
7859,128
7862,0
7864,128
7863,0
7865,128
7868,0
7870,128
7869,0
7871,128
7877,0
7880,128
7878,0
7881,128
7886,0
7889,128
7887,0
7890,128
7895,0
7898,128
7896,0
7899,128
7904,0
7907,128
7905,0
7908,128
7913,0
7916,128
7914,0
7917,128
7922,0
7924,128
7923,0
7925,128
7928,0
7930,128
7929,0
7931,128
7934,0
7936,128
7935,0
7937,128
7940,0
7942,128
7941,0
7943,128
7946,0
7948,128
7947,0
7949,128
7952,0
7955,128
7953,0
7956,128
7959,0
7961,128
7960,0
7962,128
7965,0
7967,128
7966,0
7968,128
7971,0
7973,128
7972,0
7974,128
7977,0
7979,128
7978,0
7980,128
7983,0
7985,128
7984,0
7986,128
7990,0
7992,128
7991,0
7993,128
7996,0
7998,128
7997,0
7999,128
8002,0
8004,128
8003,0
8005,128
8008,0
8010,128
8009,0
8011,128
8014,0
8016,128
8015,0
8017,128
8021,0
8023,128
8022,0
8024,128
8027,0
8029,128
8028,0
8030,128
8033,0
8035,128
8034,0
8036,128
8039,0
8041,128
8040,0
8042,128
8045,0
8047,128
8046,0
8048,128
8051,0
8054,128
8052,0
8055,128
8058,0
8060,128
8059,0
8061,128
8064,0
8066,128
8065,0
8067,128
8070,0
8072,128
8071,0
8073,128
8076,0
8078,128
8077,0
8079,128
8082,0
8084,128
8083,0
8085,128
8089,0
8091,128
8090,0
8092,128
8095,0
8097,128
8096,0
8098,128
8101,0
8103,128
8102,0
8104,128
8107,0
8109,128
8108,0
8110,128
8113,0
8115,128
8114,0
8116,128
8120,0
8122,128
8121,0
8123,128
8126,0
8128,128
8127,0
8129,128
8132,0
8134,128
8133,0
8135,128
8138,0
8140,128
8139,0
8141,128
8144,0
8146,128
8145,0
8147,128
8150,0
8153,128
8151,0
8154,128
8157,0
8159,128
8158,0
8160,128
8163,0
8165,128
8164,0
8166,128
8169,0
8171,128
8170,0
8172,128
8175,0
8177,128
8176,0
8178,128
8181,0
8183,128
8182,0
8184,128
8188,0
8190,128
8189,0
8191,128
8194,0
8196,128
8195,0
8197,128
8200,0
8202,128
8201,0
8203,128
8206,0
8208,128
8207,0
8209,128
8212,0
8214,128
8213,0
8215,128
8219,0
8221,128
8220,0
8222,128
8225,0
8227,128
8226,0
8228,128
8231,0
8233,128
8232,0
8234,128
8237,0
8239,128
8238,0
8240,128
8243,0
8245,128
8244,0
8246,128
8249,0
8252,128
8250,0
8253,128
8256,0
8258,128
8257,0
8259,128
8262,0
8264,128
8263,0
8265,128
8268,0
8270,128
8269,0
8271,128
8274,0
8276,128
8275,0
8277,128
8280,0
8282,128
8281,0
8283,128
8287,0
8289,128
8288,0
8290,128
8293,0
8295,128
8294,0
8296,128
8299,0
8301,128
8300,0
8302,128
8305,0
8307,128
8306,0
8308,128
8311,0
8313,128
8312,0
8314,128
8318,0
8320,128
8319,0
8321,128
8324,0
8326,128
8325,0
8327,128
8330,0
8332,128
8331,0
8333,128
8336,0
8338,128
8337,0
8339,128
8342,0
8344,128
8343,0
8345,128
8348,0
8351,128
8349,0
8352,128
8355,0
8357,128
8356,0
8358,128
8361,0
8363,128
8362,0
8364,128
8367,0
8369,128
8368,0
8370,128
8373,0
8375,128
8374,0
8376,128
8379,0
8381,128
8380,0
8382,128
8386,0
8388,128
8387,0
8389,128
8392,0
8394,128
8393,0
8395,128
8398,0
8400,128
8399,0
8401,128
8404,0
8406,128
8405,0
8407,128
8410,0
8412,128
8411,0
8413,128
8418,0
8421,128
8419,0
8422,128
8427,0
8430,128
8428,0
8431,128
8436,0
8439,128
8437,0
8440,128
8445,0
8448,128
8446,0
8449,128
8454,0
8457,128
8455,0
8458,128
8463,0
8466,128
8464,0
8467,128
8470,0
8472,128
8471,0
8473,128
8476,0
8478,128
8477,0
8479,128
8482,0
8484,128
8483,0
8485,128
8488,0
8490,128
8489,0
8491,128
8494,0
8496,128
8495,0
8497,128
8501,0
8503,128
8502,0
8504,128
8507,0
8509,128
8508,0
8510,128
8513,0
8515,128
8514,0
8516,128
8519,0
8521,128
8520,0
8522,128
8525,0
8527,128
8526,0
8528,128
8532,0
8534,128
8533,0
8535,128
8538,0
8540,128
8539,0
8541,128
8544,0
8546,128
8545,0
8547,128
8550,0
8552,128
8551,0
8553,128
8556,0
8558,128
8557,0
8559,128
8562,0
8565,128
8563,0
8566,128
8569,0
8571,128
8570,0
8572,128
8575,0
8577,128
8576,0
8578,128
8581,0
8583,128
8582,0
8584,128
8587,0
8589,128
8588,0
8590,128
8593,0
8595,128
8594,0
8596,128
8600,0
8602,128
8601,0
8603,128
8606,0
8608,128
8607,0
8609,128
8612,0
8614,128
8613,0
8615,128
8618,0
8620,128
8619,0
8621,128
8624,0
8626,128
8625,0
8627,128
8631,0
8633,128
8632,0
8634,128
8637,0
8639,128
8638,0
8640,128
8643,0
8645,128
8644,0
8646,128
8649,0
8651,128
8650,0
8652,128
8655,0
8657,128
8656,0
8658,128
8661,0
8664,128
8662,0
8665,128
8668,0
8670,128
8669,0
8671,128
8674,0
8676,128
8675,0
8677,128
8680,0
8682,128
8681,0
8683,128
8686,0
8688,128
8687,0
8689,128
8692,0
8694,128
8693,0
8695,128
8699,0
8701,128
8700,0
8702,128
8705,0
8707,128
8706,0
8708,128
8711,0
8713,128
8712,0
8714,128
8717,0
8719,128
8718,0
8720,128
8723,0
8725,128
8724,0
8726,128
8730,0
8732,128
8731,0
8733,128
8736,0
8738,128
8737,0
8739,128
8742,0
8744,128
8743,0
8745,128
8748,0
8750,128
8749,0
8751,128
8754,0
8756,128
8755,0
8757,128
8760,0
8763,128
8761,0
8764,128
8767,0
8769,128
8768,0
8770,128
8773,0
8775,128
8774,0
8776,128
8779,0
8781,128
8780,0
8782,128
8785,0
8787,128
8786,0
8788,128
8791,0
8793,128
8792,0
8794,128
8798,0
8800,128
8799,0
8801,128
8804,0
8806,128
8805,0
8807,128
8810,0
8812,128
8811,0
8813,128
8816,0
8818,128
8817,0
8819,128
8822,0
8824,128
8823,0
8825,128
8829,0
8831,128
8830,0
8832,128
8835,0
8837,128
8836,0
8838,128
8841,0
8843,128
8842,0
8844,128
8847,0
8849,128
8848,0
8850,128
8853,0
8855,128
8854,0
8856,128
8859,0
8862,128
8860,0
8863,128
8866,0
8868,128
8867,0
8869,128
8872,0
8874,128
8873,0
8875,128
8878,0
8880,128
8879,0
8881,128
8884,0
8886,128
8885,0
8887,128
8890,0
8892,128
8891,0
8893,128
8897,0
8899,128
8898,0
8900,128
8903,0
8905,128
8904,0
8906,128
8909,0
8911,128
8910,0
8912,128
8915,0
8917,128
8916,0
8918,128
8921,0
8923,128
8922,0
8924,128
8928,0
8930,128
8929,0
8931,128
8934,0
8936,128
8935,0
8937,128
8940,0
8942,128
8941,0
8943,128
8946,0
8948,128
8947,0
8949,128
8952,0
8954,128
8953,0
8955,128
