NodeId,InDegree
9,3
0,0
4624,2
3,1
1,0
4625,9
4,1
2,0
4626,9
7,2
405,2
997,2
1589,2
2181,2
2773,2
3365,2
3957,2
8,2
63,2
112,2
161,2
210,2
259,2
308,2
357,2
5,0
4627,2
6,0
4628,2
18,3
12,1
10,0
4629,9
13,1
11,0
4630,9
16,2
412,2
1004,2
1596,2
2188,2
2780,2
3372,2
3964,2
17,2
70,2
119,2
168,2
217,2
266,2
315,2
364,2
14,0
4631,2
15,0
4632,2
21,2
19,0
4633,2
22,2
20,0
4634,3
27,3
25,3
23,0
4635,2
24,0
4636,2
432,3
434,3
26,0
4637,2
29,2
28,0
4638,3
31,2
38,2
30,0
4639,2
34,3
32,0
4640,2
33,0
4641,2
444,3
44,3
35,0
4642,2
36,0
4643,3
39,1
37,0
4644,9
42,2
50,2
43,2
94,2
143,2
192,2
241,2
290,2
339,2
388,2
40,0
4645,2
41,0
4646,2
54,2
52,3
45,0
4647,2
47,1
46,0
4648,9
51,2
100,2
149,2
198,2
247,2
296,2
345,2
394,2
48,0
4649,2
49,0
4650,2
56,2
53,0
4651,2
474,3
55,0
4652,2
476,3
64,3
57,0
4653,2
59,1
58,0
4654,9
62,2
484,2
1076,2
1668,2
2260,2
2852,2
3444,2
4046,2
60,0
4655,2
61,0
4656,2
71,3
66,1
65,0
4657,9
69,2
489,2
1081,2
1673,2
2265,2
2857,2
3449,2
4051,2
67,0
4658,2
68,0
4659,2
74,2
72,0
4660,2
75,2
73,0
4661,3
80,3
78,3
76,0
4662,2
77,0
4663,2
509,3
511,3
79,0
4664,2
82,2
81,0
4665,3
84,2
90,2
83,0
4666,2
87,3
85,0
4667,2
86,0
4668,2
521,3
95,3
88,0
4669,2
89,0
4670,3
93,2
99,2
91,0
4671,2
92,0
4672,2
103,2
101,3
96,0
4673,2
97,0
4674,2
98,0
4675,2
105,2
102,0
4676,2
547,3
104,0
4677,2
549,3
113,3
106,0
4678,2
108,1
107,0
4679,9
111,2
557,2
1149,2
1741,2
2333,2
2925,2
3517,2
4129,2
109,0
4680,2
110,0
4681,2
120,3
115,1
114,0
4682,9
118,2
562,2
1154,2
1746,2
2338,2
2930,2
3522,2
4134,2
116,0
4683,2
117,0
4684,2
123,2
121,0
4685,2
124,2
122,0
4686,3
129,3
127,3
125,0
4687,2
126,0
4688,2
582,3
584,3
128,0
4689,2
131,2
130,0
4690,3
133,2
139,2
132,0
4691,2
136,3
134,0
4692,2
135,0
4693,2
594,3
144,3
137,0
4694,2
138,0
4695,3
142,2
148,2
140,0
4696,2
141,0
4697,2
152,2
150,3
145,0
4698,2
146,0
4699,2
147,0
4700,2
154,2
151,0
4701,2
620,3
153,0
4702,2
622,3
162,3
155,0
4703,2
157,1
156,0
4704,9
160,2
630,2
1222,2
1814,2
2406,2
2998,2
3590,2
4212,2
158,0
4705,2
159,0
4706,2
169,3
164,1
163,0
4707,9
167,2
635,2
1227,2
1819,2
2411,2
3003,2
3595,2
4217,2
165,0
4708,2
166,0
4709,2
172,2
170,0
4710,2
173,2
171,0
4711,3
178,3
176,3
174,0
4712,2
175,0
4713,2
655,3
657,3
177,0
4714,2
180,2
179,0
4715,3
182,2
188,2
181,0
4716,2
185,3
183,0
4717,2
184,0
4718,2
667,3
193,3
186,0
4719,2
187,0
4720,3
191,2
197,2
189,0
4721,2
190,0
4722,2
201,2
199,3
194,0
4723,2
195,0
4724,2
196,0
4725,2
203,2
200,0
4726,2
693,3
202,0
4727,2
695,3
211,3
204,0
4728,2
206,1
205,0
4729,9
209,2
703,2
1295,2
1887,2
2479,2
3071,2
3663,2
4295,2
207,0
4730,2
208,0
4731,2
218,3
213,1
212,0
4732,9
216,2
708,2
1300,2
1892,2
2484,2
3076,2
3668,2
4300,2
214,0
4733,2
215,0
4734,2
221,2
219,0
4735,2
222,2
220,0
4736,3
227,3
225,3
223,0
4737,2
224,0
4738,2
728,3
730,3
226,0
4739,2
229,2
228,0
4740,3
231,2
237,2
230,0
4741,2
234,3
232,0
4742,2
233,0
4743,2
740,3
242,3
235,0
4744,2
236,0
4745,3
240,2
246,2
238,0
4746,2
239,0
4747,2
250,2
248,3
243,0
4748,2
244,0
4749,2
245,0
4750,2
252,2
249,0
4751,2
766,3
251,0
4752,2
768,3
260,3
253,0
4753,2
255,1
254,0
4754,9
258,2
776,2
1368,2
1960,2
2552,2
3144,2
3736,2
4378,2
256,0
4755,2
257,0
4756,2
267,3
262,1
261,0
4757,9
265,2
781,2
1373,2
1965,2
2557,2
3149,2
3741,2
4383,2
263,0
4758,2
264,0
4759,2
270,2
268,0
4760,2
271,2
269,0
4761,3
276,3
274,3
272,0
4762,2
273,0
4763,2
801,3
803,3
275,0
4764,2
278,2
277,0
4765,3
280,2
286,2
279,0
4766,2
283,3
281,0
4767,2
282,0
4768,2
813,3
291,3
284,0
4769,2
285,0
4770,3
289,2
295,2
287,0
4771,2
288,0
4772,2
299,2
297,3
292,0
4773,2
293,0
4774,2
294,0
4775,2
301,2
298,0
4776,2
839,3
300,0
4777,2
841,3
309,3
302,0
4778,2
304,1
303,0
4779,9
307,2
849,2
1441,2
2033,2
2625,2
3217,2
3809,2
4461,2
305,0
4780,2
306,0
4781,2
316,3
311,1
310,0
4782,9
314,2
854,2
1446,2
2038,2
2630,2
3222,2
3814,2
4466,2
312,0
4783,2
313,0
4784,2
319,2
317,0
4785,2
320,2
318,0
4786,3
325,3
323,3
321,0
4787,2
322,0
4788,2
874,3
876,3
324,0
4789,2
327,2
326,0
4790,3
329,2
335,2
328,0
4791,2
332,3
330,0
4792,2
331,0
4793,2
886,3
340,3
333,0
4794,2
334,0
4795,3
338,2
344,2
336,0
4796,2
337,0
4797,2
348,2
346,3
341,0
4798,2
342,0
4799,2
343,0
4800,2
350,2
347,0
4801,2
912,3
349,0
4802,2
914,3
358,3
351,0
4803,2
353,1
352,0
4804,9
356,2
922,2
1514,2
2106,2
2698,2
3290,2
3882,2
4544,2
354,0
4805,2
355,0
4806,2
365,3
360,1
359,0
4807,9
363,2
927,2
1519,2
2111,2
2703,2
3295,2
3887,2
4549,2
361,0
4808,2
362,0
4809,2
368,2
366,0
4810,2
369,2
367,0
4811,3
374,3
372,3
370,0
4812,2
371,0
4813,2
947,3
949,3
373,0
4814,2
376,2
375,0
4815,3
378,2
384,2
377,0
4816,2
381,3
379,0
4817,2
380,0
4818,2
959,3
389,3
382,0
4819,2
383,0
4820,3
387,2
393,2
385,0
4821,2
386,0
4822,2
397,2
395,3
390,0
4823,2
391,0
4824,2
392,0
4825,2
399,2
396,0
4826,2
985,3
398,0
4827,2
987,3
407,3
400,0
4828,2
402,1
401,0
4829,9
406,2
485,2
558,2
631,2
704,2
777,2
850,2
923,2
403,0
4830,2
404,0
4831,2
414,3
409,1
408,0
4832,9
413,2
490,2
563,2
636,2
709,2
782,2
855,2
928,2
410,0
4833,2
411,0
4834,2
417,2
415,0
4835,2
418,2
416,0
4836,3
423,3
421,3
419,0
4837,2
420,0
4838,2
438,3
422,0
4839,2
425,2
424,0
4840,3
427,2
450,2
426,0
4841,2
430,3
428,0
4842,2
429,0
4843,2
442,3
431,0
4844,4
1024,3
1026,3
433,0
4845,2
436,2
435,0
4846,4
437,0
4847,2
440,2
439,0
4848,4
468,3
472,3
441,0
4849,2
446,3
443,0
4850,2
445,0
4851,2
1036,3
456,3
447,0
4852,2
448,0
4853,3
451,1
449,0
4854,9
454,2
462,2
455,2
530,2
603,2
676,2
749,2
822,2
895,2
968,2
452,0
4855,2
453,0
4856,2
467,2
464,3
457,0
4857,2
459,1
458,0
4858,9
463,2
536,2
609,2
682,2
755,2
828,2
901,2
974,2
460,0
4859,2
461,0
4860,2
471,2
465,0
4861,2
466,0
4862,2
478,3
469,0
4863,2
470,0
4864,2
480,3
473,0
4865,2
475,0
4866,2
477,0
4867,2
1066,3
479,0
4868,2
1068,3
486,3
481,0
4869,2
482,0
4870,2
483,0
4871,2
491,3
487,0
4872,2
488,0
4873,2
494,2
492,0
4874,2
495,2
493,0
4875,3
500,3
498,3
496,0
4876,2
497,0
4877,2
515,3
499,0
4878,2
502,2
501,0
4879,3
504,2
526,2
503,0
4880,2
507,3
505,0
4881,2
506,0
4882,2
519,3
508,0
4883,4
1101,3
1103,3
510,0
4884,2
513,2
512,0
4885,4
514,0
4886,2
517,2
516,0
4887,4
541,3
545,3
518,0
4888,2
523,3
520,0
4889,2
522,0
4890,2
1113,3
531,3
524,0
4891,2
525,0
4892,3
529,2
535,2
527,0
4893,2
528,0
4894,2
540,2
537,3
532,0
4895,2
533,0
4896,2
534,0
4897,2
544,2
538,0
4898,2
539,0
4899,2
551,3
542,0
4900,2
543,0
4901,2
553,3
546,0
4902,2
548,0
4903,2
550,0
4904,2
1139,3
552,0
4905,2
1141,3
559,3
554,0
4906,2
555,0
4907,2
556,0
4908,2
564,3
560,0
4909,2
561,0
4910,2
567,2
565,0
4911,2
568,2
566,0
4912,3
573,3
571,3
569,0
4913,2
570,0
4914,2
588,3
572,0
4915,2
575,2
574,0
4916,3
577,2
599,2
576,0
4917,2
580,3
578,0
4918,2
579,0
4919,2
592,3
581,0
4920,4
1174,3
1176,3
583,0
4921,2
586,2
585,0
4922,4
587,0
4923,2
590,2
589,0
4924,4
614,3
618,3
591,0
4925,2
596,3
593,0
4926,2
595,0
4927,2
1186,3
604,3
597,0
4928,2
598,0
4929,3
602,2
608,2
600,0
4930,2
601,0
4931,2
613,2
610,3
605,0
4932,2
606,0
4933,2
607,0
4934,2
617,2
611,0
4935,2
612,0
4936,2
624,3
615,0
4937,2
616,0
4938,2
626,3
619,0
4939,2
621,0
4940,2
623,0
4941,2
1212,3
625,0
4942,2
1214,3
632,3
627,0
4943,2
628,0
4944,2
629,0
4945,2
637,3
633,0
4946,2
634,0
4947,2
640,2
638,0
4948,2
641,2
639,0
4949,3
646,3
644,3
642,0
4950,2
643,0
4951,2
661,3
645,0
4952,2
648,2
647,0
4953,3
650,2
672,2
649,0
4954,2
653,3
651,0
4955,2
652,0
4956,2
665,3
654,0
4957,4
1247,3
1249,3
656,0
4958,2
659,2
658,0
4959,4
660,0
4960,2
663,2
662,0
4961,4
687,3
691,3
664,0
4962,2
669,3
666,0
4963,2
668,0
4964,2
1259,3
677,3
670,0
4965,2
671,0
4966,3
675,2
681,2
673,0
4967,2
674,0
4968,2
686,2
683,3
678,0
4969,2
679,0
4970,2
680,0
4971,2
690,2
684,0
4972,2
685,0
4973,2
697,3
688,0
4974,2
689,0
4975,2
699,3
692,0
4976,2
694,0
4977,2
696,0
4978,2
1285,3
698,0
4979,2
1287,3
705,3
700,0
4980,2
701,0
4981,2
702,0
4982,2
710,3
706,0
4983,2
707,0
4984,2
713,2
711,0
4985,2
714,2
712,0
4986,3
719,3
717,3
715,0
4987,2
716,0
4988,2
734,3
718,0
4989,2
721,2
720,0
4990,3
723,2
745,2
722,0
4991,2
726,3
724,0
4992,2
725,0
4993,2
738,3
727,0
4994,4
1320,3
1322,3
729,0
4995,2
732,2
731,0
4996,4
733,0
4997,2
736,2
735,0
4998,4
760,3
764,3
737,0
4999,2
742,3
739,0
5000,2
741,0
5001,2
1332,3
750,3
743,0
5002,2
744,0
5003,3
748,2
754,2
746,0
5004,2
747,0
5005,2
759,2
756,3
751,0
5006,2
752,0
5007,2
753,0
5008,2
763,2
757,0
5009,2
758,0
5010,2
770,3
761,0
5011,2
762,0
5012,2
772,3
765,0
5013,2
767,0
5014,2
769,0
5015,2
1358,3
771,0
5016,2
1360,3
778,3
773,0
5017,2
774,0
5018,2
775,0
5019,2
783,3
779,0
5020,2
780,0
5021,2
786,2
784,0
5022,2
787,2
785,0
5023,3
792,3
790,3
788,0
5024,2
789,0
5025,2
807,3
791,0
5026,2
794,2
793,0
5027,3
796,2
818,2
795,0
5028,2
799,3
797,0
5029,2
798,0
5030,2
811,3
800,0
5031,4
1393,3
1395,3
802,0
5032,2
805,2
804,0
5033,4
806,0
5034,2
809,2
808,0
5035,4
833,3
837,3
810,0
5036,2
815,3
812,0
5037,2
814,0
5038,2
1405,3
823,3
816,0
5039,2
817,0
5040,3
821,2
827,2
819,0
5041,2
820,0
5042,2
832,2
829,3
824,0
5043,2
825,0
5044,2
826,0
5045,2
836,2
830,0
5046,2
831,0
5047,2
843,3
834,0
5048,2
835,0
5049,2
845,3
838,0
5050,2
840,0
5051,2
842,0
5052,2
1431,3
844,0
5053,2
1433,3
851,3
846,0
5054,2
847,0
5055,2
848,0
5056,2
856,3
852,0
5057,2
853,0
5058,2
859,2
857,0
5059,2
860,2
858,0
5060,3
865,3
863,3
861,0
5061,2
862,0
5062,2
880,3
864,0
5063,2
867,2
866,0
5064,3
869,2
891,2
868,0
5065,2
872,3
870,0
5066,2
871,0
5067,2
884,3
873,0
5068,4
1466,3
1468,3
875,0
5069,2
878,2
877,0
5070,4
879,0
5071,2
882,2
881,0
5072,4
906,3
910,3
883,0
5073,2
888,3
885,0
5074,2
887,0
5075,2
1478,3
896,3
889,0
5076,2
890,0
5077,3
894,2
900,2
892,0
5078,2
893,0
5079,2
905,2
902,3
897,0
5080,2
898,0
5081,2
899,0
5082,2
909,2
903,0
5083,2
904,0
5084,2
916,3
907,0
5085,2
908,0
5086,2
918,3
911,0
5087,2
913,0
5088,2
915,0
5089,2
1504,3
917,0
5090,2
1506,3
924,3
919,0
5091,2
920,0
5092,2
921,0
5093,2
929,3
925,0
5094,2
926,0
5095,2
932,2
930,0
5096,2
933,2
931,0
5097,3
938,3
936,3
934,0
5098,2
935,0
5099,2
953,3
937,0
5100,2
940,2
939,0
5101,3
942,2
964,2
941,0
5102,2
945,3
943,0
5103,2
944,0
5104,2
957,3
946,0
5105,4
1539,3
1541,3
948,0
5106,2
951,2
950,0
5107,4
952,0
5108,2
955,2
954,0
5109,4
979,3
983,3
956,0
5110,2
961,3
958,0
5111,2
960,0
5112,2
1551,3
969,3
962,0
5113,2
963,0
5114,3
967,2
973,2
965,0
5115,2
966,0
5116,2
978,2
975,3
970,0
5117,2
971,0
5118,2
972,0
5119,2
982,2
976,0
5120,2
977,0
5121,2
989,3
980,0
5122,2
981,0
5123,2
991,3
984,0
5124,2
986,0
5125,2
988,0
5126,2
1577,3
990,0
5127,2
1579,3
999,3
992,0
5128,2
994,1
993,0
5129,9
998,2
1077,2
1150,2
1223,2
1296,2
1369,2
1442,2
1515,2
995,0
5130,2
996,0
5131,2
1006,3
1001,1
1000,0
5132,9
1005,2
1082,2
1155,2
1228,2
1301,2
1374,2
1447,2
1520,2
1002,0
5133,2
1003,0
5134,2
1009,2
1007,0
5135,2
1010,2
1008,0
5136,3
1015,3
1013,3
1011,0
5137,2
1012,0
5138,2
1030,3
1014,0
5139,2
1017,2
1016,0
5140,3
1019,2
1042,2
1018,0
5141,2
1022,3
1020,0
5142,2
1021,0
5143,2
1034,3
1023,0
5144,4
1616,3
1618,3
1025,0
5145,2
1028,2
1027,0
5146,4
1029,0
5147,2
1032,2
1031,0
5148,4
1060,3
1064,3
1033,0
5149,2
1038,3
1035,0
5150,2
1037,0
5151,2
1628,3
1048,3
1039,0
5152,2
1040,0
5153,3
1043,1
1041,0
5154,9
1046,2
1054,2
1047,2
1122,2
1195,2
1268,2
1341,2
1414,2
1487,2
1560,2
1044,0
5155,2
1045,0
5156,2
1059,2
1056,3
1049,0
5157,2
1051,1
1050,0
5158,9
1055,2
1128,2
1201,2
1274,2
1347,2
1420,2
1493,2
1566,2
1052,0
5159,2
1053,0
5160,2
1063,2
1057,0
5161,2
1058,0
5162,2
1070,3
1061,0
5163,2
1062,0
5164,2
1072,3
1065,0
5165,2
1067,0
5166,2
1069,0
5167,2
1658,3
1071,0
5168,2
1660,3
1078,3
1073,0
5169,2
1074,0
5170,2
1075,0
5171,2
1083,3
1079,0
5172,2
1080,0
5173,2
1086,2
1084,0
5174,2
1087,2
1085,0
5175,3
1092,3
1090,3
1088,0
5176,2
1089,0
5177,2
1107,3
1091,0
5178,2
1094,2
1093,0
5179,3
1096,2
1118,2
1095,0
5180,2
1099,3
1097,0
5181,2
1098,0
5182,2
1111,3
1100,0
5183,4
1693,3
1695,3
1102,0
5184,2
1105,2
1104,0
5185,4
1106,0
5186,2
1109,2
1108,0
5187,4
1133,3
1137,3
1110,0
5188,2
1115,3
1112,0
5189,2
1114,0
5190,2
1705,3
1123,3
1116,0
5191,2
1117,0
5192,3
1121,2
1127,2
1119,0
5193,2
1120,0
5194,2
1132,2
1129,3
1124,0
5195,2
1125,0
5196,2
1126,0
5197,2
1136,2
1130,0
5198,2
1131,0
5199,2
1143,3
1134,0
5200,2
1135,0
5201,2
1145,3
1138,0
5202,2
1140,0
5203,2
1142,0
5204,2
1731,3
1144,0
5205,2
1733,3
1151,3
1146,0
5206,2
1147,0
5207,2
1148,0
5208,2
1156,3
1152,0
5209,2
1153,0
5210,2
1159,2
1157,0
5211,2
1160,2
1158,0
5212,3
1165,3
1163,3
1161,0
5213,2
1162,0
5214,2
1180,3
1164,0
5215,2
1167,2
1166,0
5216,3
1169,2
1191,2
1168,0
5217,2
1172,3
1170,0
5218,2
1171,0
5219,2
1184,3
1173,0
5220,4
1766,3
1768,3
1175,0
5221,2
1178,2
1177,0
5222,4
1179,0
5223,2
1182,2
1181,0
5224,4
1206,3
1210,3
1183,0
5225,2
1188,3
1185,0
5226,2
1187,0
5227,2
1778,3
1196,3
1189,0
5228,2
1190,0
5229,3
1194,2
1200,2
1192,0
5230,2
1193,0
5231,2
1205,2
1202,3
1197,0
5232,2
1198,0
5233,2
1199,0
5234,2
1209,2
1203,0
5235,2
1204,0
5236,2
1216,3
1207,0
5237,2
1208,0
5238,2
1218,3
1211,0
5239,2
1213,0
5240,2
1215,0
5241,2
1804,3
1217,0
5242,2
1806,3
1224,3
1219,0
5243,2
1220,0
5244,2
1221,0
5245,2
1229,3
1225,0
5246,2
1226,0
5247,2
1232,2
1230,0
5248,2
1233,2
1231,0
5249,3
1238,3
1236,3
1234,0
5250,2
1235,0
5251,2
1253,3
1237,0
5252,2
1240,2
1239,0
5253,3
1242,2
1264,2
1241,0
5254,2
1245,3
1243,0
5255,2
1244,0
5256,2
1257,3
1246,0
5257,4
1839,3
1841,3
1248,0
5258,2
1251,2
1250,0
5259,4
1252,0
5260,2
1255,2
1254,0
5261,4
1279,3
1283,3
1256,0
5262,2
1261,3
1258,0
5263,2
1260,0
5264,2
1851,3
1269,3
1262,0
5265,2
1263,0
5266,3
1267,2
1273,2
1265,0
5267,2
1266,0
5268,2
1278,2
1275,3
1270,0
5269,2
1271,0
5270,2
1272,0
5271,2
1282,2
1276,0
5272,2
1277,0
5273,2
1289,3
1280,0
5274,2
1281,0
5275,2
1291,3
1284,0
5276,2
1286,0
5277,2
1288,0
5278,2
1877,3
1290,0
5279,2
1879,3
1297,3
1292,0
5280,2
1293,0
5281,2
1294,0
5282,2
1302,3
1298,0
5283,2
1299,0
5284,2
1305,2
1303,0
5285,2
1306,2
1304,0
5286,3
1311,3
1309,3
1307,0
5287,2
1308,0
5288,2
1326,3
1310,0
5289,2
1313,2
1312,0
5290,3
1315,2
1337,2
1314,0
5291,2
1318,3
1316,0
5292,2
1317,0
5293,2
1330,3
1319,0
5294,4
1912,3
1914,3
1321,0
5295,2
1324,2
1323,0
5296,4
1325,0
5297,2
1328,2
1327,0
5298,4
1352,3
1356,3
1329,0
5299,2
1334,3
1331,0
5300,2
1333,0
5301,2
1924,3
1342,3
1335,0
5302,2
1336,0
5303,3
1340,2
1346,2
1338,0
5304,2
1339,0
5305,2
1351,2
1348,3
1343,0
5306,2
1344,0
5307,2
1345,0
5308,2
1355,2
1349,0
5309,2
1350,0
5310,2
1362,3
1353,0
5311,2
1354,0
5312,2
1364,3
1357,0
5313,2
1359,0
5314,2
1361,0
5315,2
1950,3
1363,0
5316,2
1952,3
1370,3
1365,0
5317,2
1366,0
5318,2
1367,0
5319,2
1375,3
1371,0
5320,2
1372,0
5321,2
1378,2
1376,0
5322,2
1379,2
1377,0
5323,3
1384,3
1382,3
1380,0
5324,2
1381,0
5325,2
1399,3
1383,0
5326,2
1386,2
1385,0
5327,3
1388,2
1410,2
1387,0
5328,2
1391,3
1389,0
5329,2
1390,0
5330,2
1403,3
1392,0
5331,4
1985,3
1987,3
1394,0
5332,2
1397,2
1396,0
5333,4
1398,0
5334,2
1401,2
1400,0
5335,4
1425,3
1429,3
1402,0
5336,2
1407,3
1404,0
5337,2
1406,0
5338,2
1997,3
1415,3
1408,0
5339,2
1409,0
5340,3
1413,2
1419,2
1411,0
5341,2
1412,0
5342,2
1424,2
1421,3
1416,0
5343,2
1417,0
5344,2
1418,0
5345,2
1428,2
1422,0
5346,2
1423,0
5347,2
1435,3
1426,0
5348,2
1427,0
5349,2
1437,3
1430,0
5350,2
1432,0
5351,2
1434,0
5352,2
2023,3
1436,0
5353,2
2025,3
1443,3
1438,0
5354,2
1439,0
5355,2
1440,0
5356,2
1448,3
1444,0
5357,2
1445,0
5358,2
1451,2
1449,0
5359,2
1452,2
1450,0
5360,3
1457,3
1455,3
1453,0
5361,2
1454,0
5362,2
1472,3
1456,0
5363,2
1459,2
1458,0
5364,3
1461,2
1483,2
1460,0
5365,2
1464,3
1462,0
5366,2
1463,0
5367,2
1476,3
1465,0
5368,4
2058,3
2060,3
1467,0
5369,2
1470,2
1469,0
5370,4
1471,0
5371,2
1474,2
1473,0
5372,4
1498,3
1502,3
1475,0
5373,2
1480,3
1477,0
5374,2
1479,0
5375,2
2070,3
1488,3
1481,0
5376,2
1482,0
5377,3
1486,2
1492,2
1484,0
5378,2
1485,0
5379,2
1497,2
1494,3
1489,0
5380,2
1490,0
5381,2
1491,0
5382,2
1501,2
1495,0
5383,2
1496,0
5384,2
1508,3
1499,0
5385,2
1500,0
5386,2
1510,3
1503,0
5387,2
1505,0
5388,2
1507,0
5389,2
2096,3
1509,0
5390,2
2098,3
1516,3
1511,0
5391,2
1512,0
5392,2
1513,0
5393,2
1521,3
1517,0
5394,2
1518,0
5395,2
1524,2
1522,0
5396,2
1525,2
1523,0
5397,3
1530,3
1528,3
1526,0
5398,2
1527,0
5399,2
1545,3
1529,0
5400,2
1532,2
1531,0
5401,3
1534,2
1556,2
1533,0
5402,2
1537,3
1535,0
5403,2
1536,0
5404,2
1549,3
1538,0
5405,4
2131,3
2133,3
1540,0
5406,2
1543,2
1542,0
5407,4
1544,0
5408,2
1547,2
1546,0
5409,4
1571,3
1575,3
1548,0
5410,2
1553,3
1550,0
5411,2
1552,0
5412,2
2143,3
1561,3
1554,0
5413,2
1555,0
5414,3
1559,2
1565,2
1557,0
5415,2
1558,0
5416,2
1570,2
1567,3
1562,0
5417,2
1563,0
5418,2
1564,0
5419,2
1574,2
1568,0
5420,2
1569,0
5421,2
1581,3
1572,0
5422,2
1573,0
5423,2
1583,3
1576,0
5424,2
1578,0
5425,2
1580,0
5426,2
2169,3
1582,0
5427,2
2171,3
1591,3
1584,0
5428,2
1586,1
1585,0
5429,9
1590,2
1669,2
1742,2
1815,2
1888,2
1961,2
2034,2
2107,2
1587,0
5430,2
1588,0
5431,2
1598,3
1593,1
1592,0
5432,9
1597,2
1674,2
1747,2
1820,2
1893,2
1966,2
2039,2
2112,2
1594,0
5433,2
1595,0
5434,2
1601,2
1599,0
5435,2
1602,2
1600,0
5436,3
1607,3
1605,3
1603,0
5437,2
1604,0
5438,2
1622,3
1606,0
5439,2
1609,2
1608,0
5440,3
1611,2
1634,2
1610,0
5441,2
1614,3
1612,0
5442,2
1613,0
5443,2
1626,3
1615,0
5444,4
2208,3
2210,3
1617,0
5445,2
1620,2
1619,0
5446,4
1621,0
5447,2
1624,2
1623,0
5448,4
1652,3
1656,3
1625,0
5449,2
1630,3
1627,0
5450,2
1629,0
5451,2
2220,3
1640,3
1631,0
5452,2
1632,0
5453,3
1635,1
1633,0
5454,9
1638,2
1646,2
1639,2
1714,2
1787,2
1860,2
1933,2
2006,2
2079,2
2152,2
1636,0
5455,2
1637,0
5456,2
1651,2
1648,3
1641,0
5457,2
1643,1
1642,0
5458,9
1647,2
1720,2
1793,2
1866,2
1939,2
2012,2
2085,2
2158,2
1644,0
5459,2
1645,0
5460,2
1655,2
1649,0
5461,2
1650,0
5462,2
1662,3
1653,0
5463,2
1654,0
5464,2
1664,3
1657,0
5465,2
1659,0
5466,2
1661,0
5467,2
2250,3
1663,0
5468,2
2252,3
1670,3
1665,0
5469,2
1666,0
5470,2
1667,0
5471,2
1675,3
1671,0
5472,2
1672,0
5473,2
1678,2
1676,0
5474,2
1679,2
1677,0
5475,3
1684,3
1682,3
1680,0
5476,2
1681,0
5477,2
1699,3
1683,0
5478,2
1686,2
1685,0
5479,3
1688,2
1710,2
1687,0
5480,2
1691,3
1689,0
5481,2
1690,0
5482,2
1703,3
1692,0
5483,4
2285,3
2287,3
1694,0
5484,2
1697,2
1696,0
5485,4
1698,0
5486,2
1701,2
1700,0
5487,4
1725,3
1729,3
1702,0
5488,2
1707,3
1704,0
5489,2
1706,0
5490,2
2297,3
1715,3
1708,0
5491,2
1709,0
5492,3
1713,2
1719,2
1711,0
5493,2
1712,0
5494,2
1724,2
1721,3
1716,0
5495,2
1717,0
5496,2
1718,0
5497,2
1728,2
1722,0
5498,2
1723,0
5499,2
1735,3
1726,0
5500,2
1727,0
5501,2
1737,3
1730,0
5502,2
1732,0
5503,2
1734,0
5504,2
2323,3
1736,0
5505,2
2325,3
1743,3
1738,0
5506,2
1739,0
5507,2
1740,0
5508,2
1748,3
1744,0
5509,2
1745,0
5510,2
1751,2
1749,0
5511,2
1752,2
1750,0
5512,3
1757,3
1755,3
1753,0
5513,2
1754,0
5514,2
1772,3
1756,0
5515,2
1759,2
1758,0
5516,3
1761,2
1783,2
1760,0
5517,2
1764,3
1762,0
5518,2
1763,0
5519,2
1776,3
1765,0
5520,4
2358,3
2360,3
1767,0
5521,2
1770,2
1769,0
5522,4
1771,0
5523,2
1774,2
1773,0
5524,4
1798,3
1802,3
1775,0
5525,2
1780,3
1777,0
5526,2
1779,0
5527,2
2370,3
1788,3
1781,0
5528,2
1782,0
5529,3
1786,2
1792,2
1784,0
5530,2
1785,0
5531,2
1797,2
1794,3
1789,0
5532,2
1790,0
5533,2
1791,0
5534,2
1801,2
1795,0
5535,2
1796,0
5536,2
1808,3
1799,0
5537,2
1800,0
5538,2
1810,3
1803,0
5539,2
1805,0
5540,2
1807,0
5541,2
2396,3
1809,0
5542,2
2398,3
1816,3
1811,0
5543,2
1812,0
5544,2
1813,0
5545,2
1821,3
1817,0
5546,2
1818,0
5547,2
1824,2
1822,0
5548,2
1825,2
1823,0
5549,3
1830,3
1828,3
1826,0
5550,2
1827,0
5551,2
1845,3
1829,0
5552,2
1832,2
1831,0
5553,3
1834,2
1856,2
1833,0
5554,2
1837,3
1835,0
5555,2
1836,0
5556,2
1849,3
1838,0
5557,4
2431,3
2433,3
1840,0
5558,2
1843,2
1842,0
5559,4
1844,0
5560,2
1847,2
1846,0
5561,4
1871,3
1875,3
1848,0
5562,2
1853,3
1850,0
5563,2
1852,0
5564,2
2443,3
1861,3
1854,0
5565,2
1855,0
5566,3
1859,2
1865,2
1857,0
5567,2
1858,0
5568,2
1870,2
1867,3
1862,0
5569,2
1863,0
5570,2
1864,0
5571,2
1874,2
1868,0
5572,2
1869,0
5573,2
1881,3
1872,0
5574,2
1873,0
5575,2
1883,3
1876,0
5576,2
1878,0
5577,2
1880,0
5578,2
2469,3
1882,0
5579,2
2471,3
1889,3
1884,0
5580,2
1885,0
5581,2
1886,0
5582,2
1894,3
1890,0
5583,2
1891,0
5584,2
1897,2
1895,0
5585,2
1898,2
1896,0
5586,3
1903,3
1901,3
1899,0
5587,2
1900,0
5588,2
1918,3
1902,0
5589,2
1905,2
1904,0
5590,3
1907,2
1929,2
1906,0
5591,2
1910,3
1908,0
5592,2
1909,0
5593,2
1922,3
1911,0
5594,4
2504,3
2506,3
1913,0
5595,2
1916,2
1915,0
5596,4
1917,0
5597,2
1920,2
1919,0
5598,4
1944,3
1948,3
1921,0
5599,2
1926,3
1923,0
5600,2
1925,0
5601,2
2516,3
1934,3
1927,0
5602,2
1928,0
5603,3
1932,2
1938,2
1930,0
5604,2
1931,0
5605,2
1943,2
1940,3
1935,0
5606,2
1936,0
5607,2
1937,0
5608,2
1947,2
1941,0
5609,2
1942,0
5610,2
1954,3
1945,0
5611,2
1946,0
5612,2
1956,3
1949,0
5613,2
1951,0
5614,2
1953,0
5615,2
2542,3
1955,0
5616,2
2544,3
1962,3
1957,0
5617,2
1958,0
5618,2
1959,0
5619,2
1967,3
1963,0
5620,2
1964,0
5621,2
1970,2
1968,0
5622,2
1971,2
1969,0
5623,3
1976,3
1974,3
1972,0
5624,2
1973,0
5625,2
1991,3
1975,0
5626,2
1978,2
1977,0
5627,3
1980,2
2002,2
1979,0
5628,2
1983,3
1981,0
5629,2
1982,0
5630,2
1995,3
1984,0
5631,4
2577,3
2579,3
1986,0
5632,2
1989,2
1988,0
5633,4
1990,0
5634,2
1993,2
1992,0
5635,4
2017,3
2021,3
1994,0
5636,2
1999,3
1996,0
5637,2
1998,0
5638,2
2589,3
2007,3
2000,0
5639,2
2001,0
5640,3
2005,2
2011,2
2003,0
5641,2
2004,0
5642,2
2016,2
2013,3
2008,0
5643,2
2009,0
5644,2
2010,0
5645,2
2020,2
2014,0
5646,2
2015,0
5647,2
2027,3
2018,0
5648,2
2019,0
5649,2
2029,3
2022,0
5650,2
2024,0
5651,2
2026,0
5652,2
2615,3
2028,0
5653,2
2617,3
2035,3
2030,0
5654,2
2031,0
5655,2
2032,0
5656,2
2040,3
2036,0
5657,2
2037,0
5658,2
2043,2
2041,0
5659,2
2044,2
2042,0
5660,3
2049,3
2047,3
2045,0
5661,2
2046,0
5662,2
2064,3
2048,0
5663,2
2051,2
2050,0
5664,3
2053,2
2075,2
2052,0
5665,2
2056,3
2054,0
5666,2
2055,0
5667,2
2068,3
2057,0
5668,4
2650,3
2652,3
2059,0
5669,2
2062,2
2061,0
5670,4
2063,0
5671,2
2066,2
2065,0
5672,4
2090,3
2094,3
2067,0
5673,2
2072,3
2069,0
5674,2
2071,0
5675,2
2662,3
2080,3
2073,0
5676,2
2074,0
5677,3
2078,2
2084,2
2076,0
5678,2
2077,0
5679,2
2089,2
2086,3
2081,0
5680,2
2082,0
5681,2
2083,0
5682,2
2093,2
2087,0
5683,2
2088,0
5684,2
2100,3
2091,0
5685,2
2092,0
5686,2
2102,3
2095,0
5687,2
2097,0
5688,2
2099,0
5689,2
2688,3
2101,0
5690,2
2690,3
2108,3
2103,0
5691,2
2104,0
5692,2
2105,0
5693,2
2113,3
2109,0
5694,2
2110,0
5695,2
2116,2
2114,0
5696,2
2117,2
2115,0
5697,3
2122,3
2120,3
2118,0
5698,2
2119,0
5699,2
2137,3
2121,0
5700,2
2124,2
2123,0
5701,3
2126,2
2148,2
2125,0
5702,2
2129,3
2127,0
5703,2
2128,0
5704,2
2141,3
2130,0
5705,4
2723,3
2725,3
2132,0
5706,2
2135,2
2134,0
5707,4
2136,0
5708,2
2139,2
2138,0
5709,4
2163,3
2167,3
2140,0
5710,2
2145,3
2142,0
5711,2
2144,0
5712,2
2735,3
2153,3
2146,0
5713,2
2147,0
5714,3
2151,2
2157,2
2149,0
5715,2
2150,0
5716,2
2162,2
2159,3
2154,0
5717,2
2155,0
5718,2
2156,0
5719,2
2166,2
2160,0
5720,2
2161,0
5721,2
2173,3
2164,0
5722,2
2165,0
5723,2
2175,3
2168,0
5724,2
2170,0
5725,2
2172,0
5726,2
2761,3
2174,0
5727,2
2763,3
2183,3
2176,0
5728,2
2178,1
2177,0
5729,9
2182,2
2261,2
2334,2
2407,2
2480,2
2553,2
2626,2
2699,2
2179,0
5730,2
2180,0
5731,2
2190,3
2185,1
2184,0
5732,9
2189,2
2266,2
2339,2
2412,2
2485,2
2558,2
2631,2
2704,2
2186,0
5733,2
2187,0
5734,2
2193,2
2191,0
5735,2
2194,2
2192,0
5736,3
2199,3
2197,3
2195,0
5737,2
2196,0
5738,2
2214,3
2198,0
5739,2
2201,2
2200,0
5740,3
2203,2
2226,2
2202,0
5741,2
2206,3
2204,0
5742,2
2205,0
5743,2
2218,3
2207,0
5744,4
2800,3
2802,3
2209,0
5745,2
2212,2
2211,0
5746,4
2213,0
5747,2
2216,2
2215,0
5748,4
2244,3
2248,3
2217,0
5749,2
2222,3
2219,0
5750,2
2221,0
5751,2
2812,3
2232,3
2223,0
5752,2
2224,0
5753,3
2227,1
2225,0
5754,9
2230,2
2238,2
2231,2
2306,2
2379,2
2452,2
2525,2
2598,2
2671,2
2744,2
2228,0
5755,2
2229,0
5756,2
2243,2
2240,3
2233,0
5757,2
2235,1
2234,0
5758,9
2239,2
2312,2
2385,2
2458,2
2531,2
2604,2
2677,2
2750,2
2236,0
5759,2
2237,0
5760,2
2247,2
2241,0
5761,2
2242,0
5762,2
2254,3
2245,0
5763,2
2246,0
5764,2
2256,3
2249,0
5765,2
2251,0
5766,2
2253,0
5767,2
2842,3
2255,0
5768,2
2844,3
2262,3
2257,0
5769,2
2258,0
5770,2
2259,0
5771,2
2267,3
2263,0
5772,2
2264,0
5773,2
2270,2
2268,0
5774,2
2271,2
2269,0
5775,3
2276,3
2274,3
2272,0
5776,2
2273,0
5777,2
2291,3
2275,0
5778,2
2278,2
2277,0
5779,3
2280,2
2302,2
2279,0
5780,2
2283,3
2281,0
5781,2
2282,0
5782,2
2295,3
2284,0
5783,4
2877,3
2879,3
2286,0
5784,2
2289,2
2288,0
5785,4
2290,0
5786,2
2293,2
2292,0
5787,4
2317,3
2321,3
2294,0
5788,2
2299,3
2296,0
5789,2
2298,0
5790,2
2889,3
2307,3
2300,0
5791,2
2301,0
5792,3
2305,2
2311,2
2303,0
5793,2
2304,0
5794,2
2316,2
2313,3
2308,0
5795,2
2309,0
5796,2
2310,0
5797,2
2320,2
2314,0
5798,2
2315,0
5799,2
2327,3
2318,0
5800,2
2319,0
5801,2
2329,3
2322,0
5802,2
2324,0
5803,2
2326,0
5804,2
2915,3
2328,0
5805,2
2917,3
2335,3
2330,0
5806,2
2331,0
5807,2
2332,0
5808,2
2340,3
2336,0
5809,2
2337,0
5810,2
2343,2
2341,0
5811,2
2344,2
2342,0
5812,3
2349,3
2347,3
2345,0
5813,2
2346,0
5814,2
2364,3
2348,0
5815,2
2351,2
2350,0
5816,3
2353,2
2375,2
2352,0
5817,2
2356,3
2354,0
5818,2
2355,0
5819,2
2368,3
2357,0
5820,4
2950,3
2952,3
2359,0
5821,2
2362,2
2361,0
5822,4
2363,0
5823,2
2366,2
2365,0
5824,4
2390,3
2394,3
2367,0
5825,2
2372,3
2369,0
5826,2
2371,0
5827,2
2962,3
2380,3
2373,0
5828,2
2374,0
5829,3
2378,2
2384,2
2376,0
5830,2
2377,0
5831,2
2389,2
2386,3
2381,0
5832,2
2382,0
5833,2
2383,0
5834,2
2393,2
2387,0
5835,2
2388,0
5836,2
2400,3
2391,0
5837,2
2392,0
5838,2
2402,3
2395,0
5839,2
2397,0
5840,2
2399,0
5841,2
2988,3
2401,0
5842,2
2990,3
2408,3
2403,0
5843,2
2404,0
5844,2
2405,0
5845,2
2413,3
2409,0
5846,2
2410,0
5847,2
2416,2
2414,0
5848,2
2417,2
2415,0
5849,3
2422,3
2420,3
2418,0
5850,2
2419,0
5851,2
2437,3
2421,0
5852,2
2424,2
2423,0
5853,3
2426,2
2448,2
2425,0
5854,2
2429,3
2427,0
5855,2
2428,0
5856,2
2441,3
2430,0
5857,4
3023,3
3025,3
2432,0
5858,2
2435,2
2434,0
5859,4
2436,0
5860,2
2439,2
2438,0
5861,4
2463,3
2467,3
2440,0
5862,2
2445,3
2442,0
5863,2
2444,0
5864,2
3035,3
2453,3
2446,0
5865,2
2447,0
5866,3
2451,2
2457,2
2449,0
5867,2
2450,0
5868,2
2462,2
2459,3
2454,0
5869,2
2455,0
5870,2
2456,0
5871,2
2466,2
2460,0
5872,2
2461,0
5873,2
2473,3
2464,0
5874,2
2465,0
5875,2
2475,3
2468,0
5876,2
2470,0
5877,2
2472,0
5878,2
3061,3
2474,0
5879,2
3063,3
2481,3
2476,0
5880,2
2477,0
5881,2
2478,0
5882,2
2486,3
2482,0
5883,2
2483,0
5884,2
2489,2
2487,0
5885,2
2490,2
2488,0
5886,3
2495,3
2493,3
2491,0
5887,2
2492,0
5888,2
2510,3
2494,0
5889,2
2497,2
2496,0
5890,3
2499,2
2521,2
2498,0
5891,2
2502,3
2500,0
5892,2
2501,0
5893,2
2514,3
2503,0
5894,4
3096,3
3098,3
2505,0
5895,2
2508,2
2507,0
5896,4
2509,0
5897,2
2512,2
2511,0
5898,4
2536,3
2540,3
2513,0
5899,2
2518,3
2515,0
5900,2
2517,0
5901,2
3108,3
2526,3
2519,0
5902,2
2520,0
5903,3
2524,2
2530,2
2522,0
5904,2
2523,0
5905,2
2535,2
2532,3
2527,0
5906,2
2528,0
5907,2
2529,0
5908,2
2539,2
2533,0
5909,2
2534,0
5910,2
2546,3
2537,0
5911,2
2538,0
5912,2
2548,3
2541,0
5913,2
2543,0
5914,2
2545,0
5915,2
3134,3
2547,0
5916,2
3136,3
2554,3
2549,0
5917,2
2550,0
5918,2
2551,0
5919,2
2559,3
2555,0
5920,2
2556,0
5921,2
2562,2
2560,0
5922,2
2563,2
2561,0
5923,3
2568,3
2566,3
2564,0
5924,2
2565,0
5925,2
2583,3
2567,0
5926,2
2570,2
2569,0
5927,3
2572,2
2594,2
2571,0
5928,2
2575,3
2573,0
5929,2
2574,0
5930,2
2587,3
2576,0
5931,4
3169,3
3171,3
2578,0
5932,2
2581,2
2580,0
5933,4
2582,0
5934,2
2585,2
2584,0
5935,4
2609,3
2613,3
2586,0
5936,2
2591,3
2588,0
5937,2
2590,0
5938,2
3181,3
2599,3
2592,0
5939,2
2593,0
5940,3
2597,2
2603,2
2595,0
5941,2
2596,0
5942,2
2608,2
2605,3
2600,0
5943,2
2601,0
5944,2
2602,0
5945,2
2612,2
2606,0
5946,2
2607,0
5947,2
2619,3
2610,0
5948,2
2611,0
5949,2
2621,3
2614,0
5950,2
2616,0
5951,2
2618,0
5952,2
3207,3
2620,0
5953,2
3209,3
2627,3
2622,0
5954,2
2623,0
5955,2
2624,0
5956,2
2632,3
2628,0
5957,2
2629,0
5958,2
2635,2
2633,0
5959,2
2636,2
2634,0
5960,3
2641,3
2639,3
2637,0
5961,2
2638,0
5962,2
2656,3
2640,0
5963,2
2643,2
2642,0
5964,3
2645,2
2667,2
2644,0
5965,2
2648,3
2646,0
5966,2
2647,0
5967,2
2660,3
2649,0
5968,4
3242,3
3244,3
2651,0
5969,2
2654,2
2653,0
5970,4
2655,0
5971,2
2658,2
2657,0
5972,4
2682,3
2686,3
2659,0
5973,2
2664,3
2661,0
5974,2
2663,0
5975,2
3254,3
2672,3
2665,0
5976,2
2666,0
5977,3
2670,2
2676,2
2668,0
5978,2
2669,0
5979,2
2681,2
2678,3
2673,0
5980,2
2674,0
5981,2
2675,0
5982,2
2685,2
2679,0
5983,2
2680,0
5984,2
2692,3
2683,0
5985,2
2684,0
5986,2
2694,3
2687,0
5987,2
2689,0
5988,2
2691,0
5989,2
3280,3
2693,0
5990,2
3282,3
2700,3
2695,0
5991,2
2696,0
5992,2
2697,0
5993,2
2705,3
2701,0
5994,2
2702,0
5995,2
2708,2
2706,0
5996,2
2709,2
2707,0
5997,3
2714,3
2712,3
2710,0
5998,2
2711,0
5999,2
2729,3
2713,0
6000,2
2716,2
2715,0
6001,3
2718,2
2740,2
2717,0
6002,2
2721,3
2719,0
6003,2
2720,0
6004,2
2733,3
2722,0
6005,4
3315,3
3317,3
2724,0
6006,2
2727,2
2726,0
6007,4
2728,0
6008,2
2731,2
2730,0
6009,4
2755,3
2759,3
2732,0
6010,2
2737,3
2734,0
6011,2
2736,0
6012,2
3327,3
2745,3
2738,0
6013,2
2739,0
6014,3
2743,2
2749,2
2741,0
6015,2
2742,0
6016,2
2754,2
2751,3
2746,0
6017,2
2747,0
6018,2
2748,0
6019,2
2758,2
2752,0
6020,2
2753,0
6021,2
2765,3
2756,0
6022,2
2757,0
6023,2
2767,3
2760,0
6024,2
2762,0
6025,2
2764,0
6026,2
3353,3
2766,0
6027,2
3355,3
2775,3
2768,0
6028,2
2770,1
2769,0
6029,9
2774,2
2853,2
2926,2
2999,2
3072,2
3145,2
3218,2
3291,2
2771,0
6030,2
2772,0
6031,2
2782,3
2777,1
2776,0
6032,9
2781,2
2858,2
2931,2
3004,2
3077,2
3150,2
3223,2
3296,2
2778,0
6033,2
2779,0
6034,2
2785,2
2783,0
6035,2
2786,2
2784,0
6036,3
2791,3
2789,3
2787,0
6037,2
2788,0
6038,2
2806,3
2790,0
6039,2
2793,2
2792,0
6040,3
2795,2
2818,2
2794,0
6041,2
2798,3
2796,0
6042,2
2797,0
6043,2
2810,3
2799,0
6044,4
3392,3
3394,3
2801,0
6045,2
2804,2
2803,0
6046,4
2805,0
6047,2
2808,2
2807,0
6048,4
2836,3
2840,3
2809,0
6049,2
2814,3
2811,0
6050,2
2813,0
6051,2
3404,3
2824,3
2815,0
6052,2
2816,0
6053,3
2819,1
2817,0
6054,9
2822,2
2830,2
2823,2
2898,2
2971,2
3044,2
3117,2
3190,2
3263,2
3336,2
2820,0
6055,2
2821,0
6056,2
2835,2
2832,3
2825,0
6057,2
2827,1
2826,0
6058,9
2831,2
2904,2
2977,2
3050,2
3123,2
3196,2
3269,2
3342,2
2828,0
6059,2
2829,0
6060,2
2839,2
2833,0
6061,2
2834,0
6062,2
2846,3
2837,0
6063,2
2838,0
6064,2
2848,3
2841,0
6065,2
2843,0
6066,2
2845,0
6067,2
3434,3
2847,0
6068,2
3436,3
2854,3
2849,0
6069,2
2850,0
6070,2
2851,0
6071,2
2859,3
2855,0
6072,2
2856,0
6073,2
2862,2
2860,0
6074,2
2863,2
2861,0
6075,3
2868,3
2866,3
2864,0
6076,2
2865,0
6077,2
2883,3
2867,0
6078,2
2870,2
2869,0
6079,3
2872,2
2894,2
2871,0
6080,2
2875,3
2873,0
6081,2
2874,0
6082,2
2887,3
2876,0
6083,4
3469,3
3471,3
2878,0
6084,2
2881,2
2880,0
6085,4
2882,0
6086,2
2885,2
2884,0
6087,4
2909,3
2913,3
2886,0
6088,2
2891,3
2888,0
6089,2
2890,0
6090,2
3481,3
2899,3
2892,0
6091,2
2893,0
6092,3
2897,2
2903,2
2895,0
6093,2
2896,0
6094,2
2908,2
2905,3
2900,0
6095,2
2901,0
6096,2
2902,0
6097,2
2912,2
2906,0
6098,2
2907,0
6099,2
2919,3
2910,0
6100,2
2911,0
6101,2
2921,3
2914,0
6102,2
2916,0
6103,2
2918,0
6104,2
3507,3
2920,0
6105,2
3509,3
2927,3
2922,0
6106,2
2923,0
6107,2
2924,0
6108,2
2932,3
2928,0
6109,2
2929,0
6110,2
2935,2
2933,0
6111,2
2936,2
2934,0
6112,3
2941,3
2939,3
2937,0
6113,2
2938,0
6114,2
2956,3
2940,0
6115,2
2943,2
2942,0
6116,3
2945,2
2967,2
2944,0
6117,2
2948,3
2946,0
6118,2
2947,0
6119,2
2960,3
2949,0
6120,4
3542,3
3544,3
2951,0
6121,2
2954,2
2953,0
6122,4
2955,0
6123,2
2958,2
2957,0
6124,4
2982,3
2986,3
2959,0
6125,2
2964,3
2961,0
6126,2
2963,0
6127,2
3554,3
2972,3
2965,0
6128,2
2966,0
6129,3
2970,2
2976,2
2968,0
6130,2
2969,0
6131,2
2981,2
2978,3
2973,0
6132,2
2974,0
6133,2
2975,0
6134,2
2985,2
2979,0
6135,2
2980,0
6136,2
2992,3
2983,0
6137,2
2984,0
6138,2
2994,3
2987,0
6139,2
2989,0
6140,2
2991,0
6141,2
3580,3
2993,0
6142,2
3582,3
3000,3
2995,0
6143,2
2996,0
6144,2
2997,0
6145,2
3005,3
3001,0
6146,2
3002,0
6147,2
3008,2
3006,0
6148,2
3009,2
3007,0
6149,3
3014,3
3012,3
3010,0
6150,2
3011,0
6151,2
3029,3
3013,0
6152,2
3016,2
3015,0
6153,3
3018,2
3040,2
3017,0
6154,2
3021,3
3019,0
6155,2
3020,0
6156,2
3033,3
3022,0
6157,4
3615,3
3617,3
3024,0
6158,2
3027,2
3026,0
6159,4
3028,0
6160,2
3031,2
3030,0
6161,4
3055,3
3059,3
3032,0
6162,2
3037,3
3034,0
6163,2
3036,0
6164,2
3627,3
3045,3
3038,0
6165,2
3039,0
6166,3
3043,2
3049,2
3041,0
6167,2
3042,0
6168,2
3054,2
3051,3
3046,0
6169,2
3047,0
6170,2
3048,0
6171,2
3058,2
3052,0
6172,2
3053,0
6173,2
3065,3
3056,0
6174,2
3057,0
6175,2
3067,3
3060,0
6176,2
3062,0
6177,2
3064,0
6178,2
3653,3
3066,0
6179,2
3655,3
3073,3
3068,0
6180,2
3069,0
6181,2
3070,0
6182,2
3078,3
3074,0
6183,2
3075,0
6184,2
3081,2
3079,0
6185,2
3082,2
3080,0
6186,3
3087,3
3085,3
3083,0
6187,2
3084,0
6188,2
3102,3
3086,0
6189,2
3089,2
3088,0
6190,3
3091,2
3113,2
3090,0
6191,2
3094,3
3092,0
6192,2
3093,0
6193,2
3106,3
3095,0
6194,4
3688,3
3690,3
3097,0
6195,2
3100,2
3099,0
6196,4
3101,0
6197,2
3104,2
3103,0
6198,4
3128,3
3132,3
3105,0
6199,2
3110,3
3107,0
6200,2
3109,0
6201,2
3700,3
3118,3
3111,0
6202,2
3112,0
6203,3
3116,2
3122,2
3114,0
6204,2
3115,0
6205,2
3127,2
3124,3
3119,0
6206,2
3120,0
6207,2
3121,0
6208,2
3131,2
3125,0
6209,2
3126,0
6210,2
3138,3
3129,0
6211,2
3130,0
6212,2
3140,3
3133,0
6213,2
3135,0
6214,2
3137,0
6215,2
3726,3
3139,0
6216,2
3728,3
3146,3
3141,0
6217,2
3142,0
6218,2
3143,0
6219,2
3151,3
3147,0
6220,2
3148,0
6221,2
3154,2
3152,0
6222,2
3155,2
3153,0
6223,3
3160,3
3158,3
3156,0
6224,2
3157,0
6225,2
3175,3
3159,0
6226,2
3162,2
3161,0
6227,3
3164,2
3186,2
3163,0
6228,2
3167,3
3165,0
6229,2
3166,0
6230,2
3179,3
3168,0
6231,4
3761,3
3763,3
3170,0
6232,2
3173,2
3172,0
6233,4
3174,0
6234,2
3177,2
3176,0
6235,4
3201,3
3205,3
3178,0
6236,2
3183,3
3180,0
6237,2
3182,0
6238,2
3773,3
3191,3
3184,0
6239,2
3185,0
6240,3
3189,2
3195,2
3187,0
6241,2
3188,0
6242,2
3200,2
3197,3
3192,0
6243,2
3193,0
6244,2
3194,0
6245,2
3204,2
3198,0
6246,2
3199,0
6247,2
3211,3
3202,0
6248,2
3203,0
6249,2
3213,3
3206,0
6250,2
3208,0
6251,2
3210,0
6252,2
3799,3
3212,0
6253,2
3801,3
3219,3
3214,0
6254,2
3215,0
6255,2
3216,0
6256,2
3224,3
3220,0
6257,2
3221,0
6258,2
3227,2
3225,0
6259,2
3228,2
3226,0
6260,3
3233,3
3231,3
3229,0
6261,2
3230,0
6262,2
3248,3
3232,0
6263,2
3235,2
3234,0
6264,3
3237,2
3259,2
3236,0
6265,2
3240,3
3238,0
6266,2
3239,0
6267,2
3252,3
3241,0
6268,4
3834,3
3836,3
3243,0
6269,2
3246,2
3245,0
6270,4
3247,0
6271,2
3250,2
3249,0
6272,4
3274,3
3278,3
3251,0
6273,2
3256,3
3253,0
6274,2
3255,0
6275,2
3846,3
3264,3
3257,0
6276,2
3258,0
6277,3
3262,2
3268,2
3260,0
6278,2
3261,0
6279,2
3273,2
3270,3
3265,0
6280,2
3266,0
6281,2
3267,0
6282,2
3277,2
3271,0
6283,2
3272,0
6284,2
3284,3
3275,0
6285,2
3276,0
6286,2
3286,3
3279,0
6287,2
3281,0
6288,2
3283,0
6289,2
3872,3
3285,0
6290,2
3874,3
3292,3
3287,0
6291,2
3288,0
6292,2
3289,0
6293,2
3297,3
3293,0
6294,2
3294,0
6295,2
3300,2
3298,0
6296,2
3301,2
3299,0
6297,3
3306,3
3304,3
3302,0
6298,2
3303,0
6299,2
3321,3
3305,0
6300,2
3308,2
3307,0
6301,3
3310,2
3332,2
3309,0
6302,2
3313,3
3311,0
6303,2
3312,0
6304,2
3325,3
3314,0
6305,4
3907,3
3909,3
3316,0
6306,2
3319,2
3318,0
6307,4
3320,0
6308,2
3323,2
3322,0
6309,4
3347,3
3351,3
3324,0
6310,2
3329,3
3326,0
6311,2
3328,0
6312,2
3919,3
3337,3
3330,0
6313,2
3331,0
6314,3
3335,2
3341,2
3333,0
6315,2
3334,0
6316,2
3346,2
3343,3
3338,0
6317,2
3339,0
6318,2
3340,0
6319,2
3350,2
3344,0
6320,2
3345,0
6321,2
3357,3
3348,0
6322,2
3349,0
6323,2
3359,3
3352,0
6324,2
3354,0
6325,2
3356,0
6326,2
3945,3
3358,0
6327,2
3947,3
3367,3
3360,0
6328,2
3362,1
3361,0
6329,9
3366,2
3445,2
3518,2
3591,2
3664,2
3737,2
3810,2
3883,2
3363,0
6330,2
3364,0
6331,2
3374,3
3369,1
3368,0
6332,9
3373,2
3450,2
3523,2
3596,2
3669,2
3742,2
3815,2
3888,2
3370,0
6333,2
3371,0
6334,2
3377,2
3375,0
6335,2
3378,2
3376,0
6336,3
3383,3
3381,3
3379,0
6337,2
3380,0
6338,2
3398,3
3382,0
6339,2
3385,2
3384,0
6340,3
3387,2
3410,2
3386,0
6341,2
3390,3
3388,0
6342,2
3389,0
6343,2
3402,3
3391,0
6344,4
3984,3
3986,3
3393,0
6345,2
3396,2
3395,0
6346,4
3397,0
6347,2
3400,2
3399,0
6348,4
3428,3
3432,3
3401,0
6349,2
3406,3
3403,0
6350,2
3405,0
6351,2
3996,3
3416,3
3407,0
6352,2
3408,0
6353,3
3411,1
3409,0
6354,9
3414,2
3422,2
3415,2
3490,2
3563,2
3636,2
3709,2
3782,2
3855,2
3928,2
3412,0
6355,2
3413,0
6356,2
3427,2
3424,3
3417,0
6357,2
3419,1
3418,0
6358,9
3423,2
3496,2
3569,2
3642,2
3715,2
3788,2
3861,2
3934,2
3420,0
6359,2
3421,0
6360,2
3431,2
3425,0
6361,2
3426,0
6362,2
3438,3
3429,0
6363,2
3430,0
6364,2
3440,3
3433,0
6365,2
3435,0
6366,2
3437,0
6367,2
4026,3
3439,0
6368,2
4028,3
3446,3
3441,0
6369,2
3442,0
6370,2
3443,0
6371,2
3451,3
3447,0
6372,2
3448,0
6373,2
3454,2
3452,0
6374,2
3455,2
3453,0
6375,3
3460,3
3458,3
3456,0
6376,2
3457,0
6377,2
3475,3
3459,0
6378,2
3462,2
3461,0
6379,3
3464,2
3486,2
3463,0
6380,2
3467,3
3465,0
6381,2
3466,0
6382,2
3479,3
3468,0
6383,4
4071,3
4073,3
3470,0
6384,2
3473,2
3472,0
6385,4
3474,0
6386,2
3477,2
3476,0
6387,4
3501,3
3505,3
3478,0
6388,2
3483,3
3480,0
6389,2
3482,0
6390,2
4083,3
3491,3
3484,0
6391,2
3485,0
6392,3
3489,2
3495,2
3487,0
6393,2
3488,0
6394,2
3500,2
3497,3
3492,0
6395,2
3493,0
6396,2
3494,0
6397,2
3504,2
3498,0
6398,2
3499,0
6399,2
3511,3
3502,0
6400,2
3503,0
6401,2
3513,3
3506,0
6402,2
3508,0
6403,2
3510,0
6404,2
4109,3
3512,0
6405,2
4111,3
3519,3
3514,0
6406,2
3515,0
6407,2
3516,0
6408,2
3524,3
3520,0
6409,2
3521,0
6410,2
3527,2
3525,0
6411,2
3528,2
3526,0
6412,3
3533,3
3531,3
3529,0
6413,2
3530,0
6414,2
3548,3
3532,0
6415,2
3535,2
3534,0
6416,3
3537,2
3559,2
3536,0
6417,2
3540,3
3538,0
6418,2
3539,0
6419,2
3552,3
3541,0
6420,4
4154,3
4156,3
3543,0
6421,2
3546,2
3545,0
6422,4
3547,0
6423,2
3550,2
3549,0
6424,4
3574,3
3578,3
3551,0
6425,2
3556,3
3553,0
6426,2
3555,0
6427,2
4166,3
3564,3
3557,0
6428,2
3558,0
6429,3
3562,2
3568,2
3560,0
6430,2
3561,0
6431,2
3573,2
3570,3
3565,0
6432,2
3566,0
6433,2
3567,0
6434,2
3577,2
3571,0
6435,2
3572,0
6436,2
3584,3
3575,0
6437,2
3576,0
6438,2
3586,3
3579,0
6439,2
3581,0
6440,2
3583,0
6441,2
4192,3
3585,0
6442,2
4194,3
3592,3
3587,0
6443,2
3588,0
6444,2
3589,0
6445,2
3597,3
3593,0
6446,2
3594,0
6447,2
3600,2
3598,0
6448,2
3601,2
3599,0
6449,3
3606,3
3604,3
3602,0
6450,2
3603,0
6451,2
3621,3
3605,0
6452,2
3608,2
3607,0
6453,3
3610,2
3632,2
3609,0
6454,2
3613,3
3611,0
6455,2
3612,0
6456,2
3625,3
3614,0
6457,4
4237,3
4239,3
3616,0
6458,2
3619,2
3618,0
6459,4
3620,0
6460,2
3623,2
3622,0
6461,4
3647,3
3651,3
3624,0
6462,2
3629,3
3626,0
6463,2
3628,0
6464,2
4249,3
3637,3
3630,0
6465,2
3631,0
6466,3
3635,2
3641,2
3633,0
6467,2
3634,0
6468,2
3646,2
3643,3
3638,0
6469,2
3639,0
6470,2
3640,0
6471,2
3650,2
3644,0
6472,2
3645,0
6473,2
3657,3
3648,0
6474,2
3649,0
6475,2
3659,3
3652,0
6476,2
3654,0
6477,2
3656,0
6478,2
4275,3
3658,0
6479,2
4277,3
3665,3
3660,0
6480,2
3661,0
6481,2
3662,0
6482,2
3670,3
3666,0
6483,2
3667,0
6484,2
3673,2
3671,0
6485,2
3674,2
3672,0
6486,3
3679,3
3677,3
3675,0
6487,2
3676,0
6488,2
3694,3
3678,0
6489,2
3681,2
3680,0
6490,3
3683,2
3705,2
3682,0
6491,2
3686,3
3684,0
6492,2
3685,0
6493,2
3698,3
3687,0
6494,4
4320,3
4322,3
3689,0
6495,2
3692,2
3691,0
6496,4
3693,0
6497,2
3696,2
3695,0
6498,4
3720,3
3724,3
3697,0
6499,2
3702,3
3699,0
6500,2
3701,0
6501,2
4332,3
3710,3
3703,0
6502,2
3704,0
6503,3
3708,2
3714,2
3706,0
6504,2
3707,0
6505,2
3719,2
3716,3
3711,0
6506,2
3712,0
6507,2
3713,0
6508,2
3723,2
3717,0
6509,2
3718,0
6510,2
3730,3
3721,0
6511,2
3722,0
6512,2
3732,3
3725,0
6513,2
3727,0
6514,2
3729,0
6515,2
4358,3
3731,0
6516,2
4360,3
3738,3
3733,0
6517,2
3734,0
6518,2
3735,0
6519,2
3743,3
3739,0
6520,2
3740,0
6521,2
3746,2
3744,0
6522,2
3747,2
3745,0
6523,3
3752,3
3750,3
3748,0
6524,2
3749,0
6525,2
3767,3
3751,0
6526,2
3754,2
3753,0
6527,3
3756,2
3778,2
3755,0
6528,2
3759,3
3757,0
6529,2
3758,0
6530,2
3771,3
3760,0
6531,4
4403,3
4405,3
3762,0
6532,2
3765,2
3764,0
6533,4
3766,0
6534,2
3769,2
3768,0
6535,4
3793,3
3797,3
3770,0
6536,2
3775,3
3772,0
6537,2
3774,0
6538,2
4415,3
3783,3
3776,0
6539,2
3777,0
6540,3
3781,2
3787,2
3779,0
6541,2
3780,0
6542,2
3792,2
3789,3
3784,0
6543,2
3785,0
6544,2
3786,0
6545,2
3796,2
3790,0
6546,2
3791,0
6547,2
3803,3
3794,0
6548,2
3795,0
6549,2
3805,3
3798,0
6550,2
3800,0
6551,2
3802,0
6552,2
4441,3
3804,0
6553,2
4443,3
3811,3
3806,0
6554,2
3807,0
6555,2
3808,0
6556,2
3816,3
3812,0
6557,2
3813,0
6558,2
3819,2
3817,0
6559,2
3820,2
3818,0
6560,3
3825,3
3823,3
3821,0
6561,2
3822,0
6562,2
3840,3
3824,0
6563,2
3827,2
3826,0
6564,3
3829,2
3851,2
3828,0
6565,2
3832,3
3830,0
6566,2
3831,0
6567,2
3844,3
3833,0
6568,4
4486,3
4488,3
3835,0
6569,2
3838,2
3837,0
6570,4
3839,0
6571,2
3842,2
3841,0
6572,4
3866,3
3870,3
3843,0
6573,2
3848,3
3845,0
6574,2
3847,0
6575,2
4498,3
3856,3
3849,0
6576,2
3850,0
6577,3
3854,2
3860,2
3852,0
6578,2
3853,0
6579,2
3865,2
3862,3
3857,0
6580,2
3858,0
6581,2
3859,0
6582,2
3869,2
3863,0
6583,2
3864,0
6584,2
3876,3
3867,0
6585,2
3868,0
6586,2
3878,3
3871,0
6587,2
3873,0
6588,2
3875,0
6589,2
4524,3
3877,0
6590,2
4526,3
3884,3
3879,0
6591,2
3880,0
6592,2
3881,0
6593,2
3889,3
3885,0
6594,2
3886,0
6595,2
3892,2
3890,0
6596,2
3893,2
3891,0
6597,3
3898,3
3896,3
3894,0
6598,2
3895,0
6599,2
3913,3
3897,0
6600,2
3900,2
3899,0
6601,3
3902,2
3924,2
3901,0
6602,2
3905,3
3903,0
6603,2
3904,0
6604,2
3917,3
3906,0
6605,4
4569,3
4571,3
3908,0
6606,2
3911,2
3910,0
6607,4
3912,0
6608,2
3915,2
3914,0
6609,4
3939,3
3943,3
3916,0
6610,2
3921,3
3918,0
6611,2
3920,0
6612,2
4581,3
3929,3
3922,0
6613,2
3923,0
6614,3
3927,2
3933,2
3925,0
6615,2
3926,0
6616,2
3938,2
3935,3
3930,0
6617,2
3931,0
6618,2
3932,0
6619,2
3942,2
3936,0
6620,2
3937,0
6621,2
3949,3
3940,0
6622,2
3941,0
6623,2
3951,3
3944,0
6624,2
3946,0
6625,2
3948,0
6626,2
4607,3
3950,0
6627,2
4609,3
3959,3
3952,0
6628,2
3954,1
3953,0
6629,9
3958,2
4047,2
4130,2
4213,2
4296,2
4379,2
4462,2
4545,2
3955,0
6630,2
3956,0
6631,2
3966,3
3961,1
3960,0
6632,9
3965,2
4052,2
4135,2
4218,2
4301,2
4384,2
4467,2
4550,2
3962,0
6633,2
3963,0
6634,2
3969,2
3967,0
6635,2
3970,2
3968,0
6636,3
3975,3
3973,3
3971,0
6637,2
3972,0
6638,2
3990,3
3974,0
6639,2
3977,2
3976,0
6640,3
3979,2
4002,2
3978,0
6641,2
3982,3
3980,0
6642,2
3981,0
6643,2
3994,3
3983,0
6644,4
4042,1
3985,0
6645,2
3988,2
3987,0
6646,4
3989,0
6647,2
3992,2
3991,0
6648,4
4020,3
4024,3
3993,0
6649,2
3998,3
3995,0
6650,2
3997,0
6651,3
4034,2
4041,1
4008,3
3999,0
6652,2
4000,0
6653,3
4003,1
4001,0
6654,9
4006,2
4014,2
4007,2
4092,2
4175,2
4258,2
4341,2
4424,2
4507,2
4590,2
4004,0
6655,2
4005,0
6656,2
4019,2
4016,3
4009,0
6657,2
4011,1
4010,0
6658,9
4015,2
4098,2
4181,2
4264,2
4347,2
4430,2
4513,2
4596,2
4012,0
6659,2
4013,0
6660,2
4023,2
4017,0
6661,2
4018,0
6662,2
4030,3
4021,0
6663,2
4022,0
6664,2
4032,3
4025,0
6665,2
4027,0
6666,2
4029,0
6667,2
4036,3
4031,0
6668,2
4038,3
4033,0
6669,3
4035,0
6670,2
4039,1
4037,0
6671,2
4040,1
4048,3
4043,0
6672,2
4044,0
6673,2
4045,0
6674,2
4053,3
4049,0
6675,2
4050,0
6676,2
4056,2
4054,0
6677,2
4057,2
4055,0
6678,3
4062,3
4060,3
4058,0
6679,2
4059,0
6680,2
4077,3
4061,0
6681,2
4064,2
4063,0
6682,3
4066,2
4088,2
4065,0
6683,2
4069,3
4067,0
6684,2
4068,0
6685,2
4081,3
4070,0
6686,4
4125,1
4072,0
6687,2
4075,2
4074,0
6688,4
4076,0
6689,2
4079,2
4078,0
6690,4
4103,3
4107,3
4080,0
6691,2
4085,3
4082,0
6692,2
4084,0
6693,3
4117,2
4124,1
4093,3
4086,0
6694,2
4087,0
6695,3
4091,2
4097,2
4089,0
6696,2
4090,0
6697,2
4102,2
4099,3
4094,0
6698,2
4095,0
6699,2
4096,0
6700,2
4106,2
4100,0
6701,2
4101,0
6702,2
4113,3
4104,0
6703,2
4105,0
6704,2
4115,3
4108,0
6705,2
4110,0
6706,2
4112,0
6707,2
4119,3
4114,0
6708,2
4121,3
4116,0
6709,3
4118,0
6710,2
4122,1
4120,0
6711,2
4123,1
4131,3
4126,0
6712,2
4127,0
6713,2
4128,0
6714,2
4136,3
4132,0
6715,2
4133,0
6716,2
4139,2
4137,0
6717,2
4140,2
4138,0
6718,3
4145,3
4143,3
4141,0
6719,2
4142,0
6720,2
4160,3
4144,0
6721,2
4147,2
4146,0
6722,3
4149,2
4171,2
4148,0
6723,2
4152,3
4150,0
6724,2
4151,0
6725,2
4164,3
4153,0
6726,4
4208,1
4155,0
6727,2
4158,2
4157,0
6728,4
4159,0
6729,2
4162,2
4161,0
6730,4
4186,3
4190,3
4163,0
6731,2
4168,3
4165,0
6732,2
4167,0
6733,3
4200,2
4207,1
4176,3
4169,0
6734,2
4170,0
6735,3
4174,2
4180,2
4172,0
6736,2
4173,0
6737,2
4185,2
4182,3
4177,0
6738,2
4178,0
6739,2
4179,0
6740,2
4189,2
4183,0
6741,2
4184,0
6742,2
4196,3
4187,0
6743,2
4188,0
6744,2
4198,3
4191,0
6745,2
4193,0
6746,2
4195,0
6747,2
4202,3
4197,0
6748,2
4204,3
4199,0
6749,3
4201,0
6750,2
4205,1
4203,0
6751,2
4206,1
4214,3
4209,0
6752,2
4210,0
6753,2
4211,0
6754,2
4219,3
4215,0
6755,2
4216,0
6756,2
4222,2
4220,0
6757,2
4223,2
4221,0
6758,3
4228,3
4226,3
4224,0
6759,2
4225,0
6760,2
4243,3
4227,0
6761,2
4230,2
4229,0
6762,3
4232,2
4254,2
4231,0
6763,2
4235,3
4233,0
6764,2
4234,0
6765,2
4247,3
4236,0
6766,4
4291,1
4238,0
6767,2
4241,2
4240,0
6768,4
4242,0
6769,2
4245,2
4244,0
6770,4
4269,3
4273,3
4246,0
6771,2
4251,3
4248,0
6772,2
4250,0
6773,3
4283,2
4290,1
4259,3
4252,0
6774,2
4253,0
6775,3
4257,2
4263,2
4255,0
6776,2
4256,0
6777,2
4268,2
4265,3
4260,0
6778,2
4261,0
6779,2
4262,0
6780,2
4272,2
4266,0
6781,2
4267,0
6782,2
4279,3
4270,0
6783,2
4271,0
6784,2
4281,3
4274,0
6785,2
4276,0
6786,2
4278,0
6787,2
4285,3
4280,0
6788,2
4287,3
4282,0
6789,3
4284,0
6790,2
4288,1
4286,0
6791,2
4289,1
4297,3
4292,0
6792,2
4293,0
6793,2
4294,0
6794,2
4302,3
4298,0
6795,2
4299,0
6796,2
4305,2
4303,0
6797,2
4306,2
4304,0
6798,3
4311,3
4309,3
4307,0
6799,2
4308,0
6800,2
4326,3
4310,0
6801,2
4313,2
4312,0
6802,3
4315,2
4337,2
4314,0
6803,2
4318,3
4316,0
6804,2
4317,0
6805,2
4330,3
4319,0
6806,4
4374,1
4321,0
6807,2
4324,2
4323,0
6808,4
4325,0
6809,2
4328,2
4327,0
6810,4
4352,3
4356,3
4329,0
6811,2
4334,3
4331,0
6812,2
4333,0
6813,3
4366,2
4373,1
4342,3
4335,0
6814,2
4336,0
6815,3
4340,2
4346,2
4338,0
6816,2
4339,0
6817,2
4351,2
4348,3
4343,0
6818,2
4344,0
6819,2
4345,0
6820,2
4355,2
4349,0
6821,2
4350,0
6822,2
4362,3
4353,0
6823,2
4354,0
6824,2
4364,3
4357,0
6825,2
4359,0
6826,2
4361,0
6827,2
4368,3
4363,0
6828,2
4370,3
4365,0
6829,3
4367,0
6830,2
4371,1
4369,0
6831,2
4372,1
4380,3
4375,0
6832,2
4376,0
6833,2
4377,0
6834,2
4385,3
4381,0
6835,2
4382,0
6836,2
4388,2
4386,0
6837,2
4389,2
4387,0
6838,3
4394,3
4392,3
4390,0
6839,2
4391,0
6840,2
4409,3
4393,0
6841,2
4396,2
4395,0
6842,3
4398,2
4420,2
4397,0
6843,2
4401,3
4399,0
6844,2
4400,0
6845,2
4413,3
4402,0
6846,4
4457,1
4404,0
6847,2
4407,2
4406,0
6848,4
4408,0
6849,2
4411,2
4410,0
6850,4
4435,3
4439,3
4412,0
6851,2
4417,3
4414,0
6852,2
4416,0
6853,3
4449,2
4456,1
4425,3
4418,0
6854,2
4419,0
6855,3
4423,2
4429,2
4421,0
6856,2
4422,0
6857,2
4434,2
4431,3
4426,0
6858,2
4427,0
6859,2
4428,0
6860,2
4438,2
4432,0
6861,2
4433,0
6862,2
4445,3
4436,0
6863,2
4437,0
6864,2
4447,3
4440,0
6865,2
4442,0
6866,2
4444,0
6867,2
4451,3
4446,0
6868,2
4453,3
4448,0
6869,3
4450,0
6870,2
4454,1
4452,0
6871,2
4455,1
4463,3
4458,0
6872,2
4459,0
6873,2
4460,0
6874,2
4468,3
4464,0
6875,2
4465,0
6876,2
4471,2
4469,0
6877,2
4472,2
4470,0
6878,3
4477,3
4475,3
4473,0
6879,2
4474,0
6880,2
4492,3
4476,0
6881,2
4479,2
4478,0
6882,3
4481,2
4503,2
4480,0
6883,2
4484,3
4482,0
6884,2
4483,0
6885,2
4496,3
4485,0
6886,4
4540,1
4487,0
6887,2
4490,2
4489,0
6888,4
4491,0
6889,2
4494,2
4493,0
6890,4
4518,3
4522,3
4495,0
6891,2
4500,3
4497,0
6892,2
4499,0
6893,3
4532,2
4539,1
4508,3
4501,0
6894,2
4502,0
6895,3
4506,2
4512,2
4504,0
6896,2
4505,0
6897,2
4517,2
4514,3
4509,0
6898,2
4510,0
6899,2
4511,0
6900,2
4521,2
4515,0
6901,2
4516,0
6902,2
4528,3
4519,0
6903,2
4520,0
6904,2
4530,3
4523,0
6905,2
4525,0
6906,2
4527,0
6907,2
4534,3
4529,0
6908,2
4536,3
4531,0
6909,3
4533,0
6910,2
4537,1
4535,0
6911,2
4538,1
4546,3
4541,0
6912,2
4542,0
6913,2
4543,0
6914,2
4551,3
4547,0
6915,2
4548,0
6916,2
4554,2
4552,0
6917,2
4555,2
4553,0
6918,3
4560,3
4558,3
4556,0
6919,2
4557,0
6920,2
4575,3
4559,0
6921,2
4562,2
4561,0
6922,3
4564,2
4586,2
4563,0
6923,2
4567,3
4565,0
6924,2
4566,0
6925,2
4579,3
4568,0
6926,4
4623,1
4570,0
6927,2
4573,2
4572,0
6928,4
4574,0
6929,2
4577,2
4576,0
6930,4
4601,3
4605,3
4578,0
6931,2
4583,3
4580,0
6932,2
4582,0
6933,3
4615,2
4622,1
4591,3
4584,0
6934,2
4585,0
6935,3
4589,2
4595,2
4587,0
6936,2
4588,0
6937,2
4600,2
4597,3
4592,0
6938,2
4593,0
6939,2
4594,0
6940,2
4604,2
4598,0
6941,2
4599,0
6942,2
4611,3
4602,0
6943,2
4603,0
6944,2
4613,3
4606,0
6945,2
4608,0
6946,2
4610,0
6947,2
4617,3
4612,0
6948,2
4619,3
4614,0
6949,3
4616,0
6950,2
4620,1
4618,0
6951,2
4621,1
